IndiceGene,ProbeSetID,Alpha,MeanPositive,MeanNegative,DeltaMean_Log2,T_Welch,P_Welch,FDR_Welch,AUC_PositiveHigher,AUC_Separation,EvidenceScore,Contraste,ClassePositiva,ClasseNegativa
33666,1449366_at,0.0388382054398964,12.4579,7.952312,4.505588,25.9076297080944,2.52907914700874e-08,0.000510543978501366,1,1,4,G4_vs_G1_infeccao_2h,G4_Infected_2h,G1_Control_T0
12053,1427747_a_at,0.0363341052664707,11.73892,7.262452,4.476468,16.7948499861756,3.72332574520381e-07,0.000981385942107303,1,1,3.84284951250989,G4_vs_G1_infeccao_2h,G4_Infected_2h,G1_Control_T0
19064,1434758_at,0.0351291515226163,9.760212,5.78625,3.973962,18.8470734677693,5.04028101082367e-06,0.00268759883086185,1,1,3.5673877493278,G4_vs_G1_infeccao_2h,G4_Infected_2h,G1_Control_T0
35103,1450808_at,0.0300353019592699,10.75142,7.288468,3.462952,21.0785716835247,2.76102129440468e-08,0.000510543978501366,1,1,3.54193428904283,G4_vs_G1_infeccao_2h,G4_Infected_2h,G1_Control_T0
3863,1419532_at,0.0301292682303619,10.34682,6.64092,3.7059,16.5047826837735,6.69944505409951e-07,0.00120860668553977,1,1,3.48458849968518,G4_vs_G1_infeccao_2h,G4_Infected_2h,G1_Control_T0
20067,1435761_at,0.0298414322966096,9.400946,5.90404,3.496906,16.8560618952988,1.42560459549532e-06,0.00162805323269984,1,1,3.39148883323009,G4_vs_G1_infeccao_2h,G4_Infected_2h,G1_Control_T0
18790,1434484_at,0.0274525651685108,10.3504,7.02532,3.32508,20.4823123408276,1.19721694035368e-07,0.000820112142084591,1,1,3.38230588538743,G4_vs_G1_infeccao_2h,G4_Infected_2h,G1_Control_T0
21362,1437056_x_at,0.0298216688116048,10.6538,7.113986,3.539814,17.6530289550231,4.2947344400534e-06,0.00258262423974465,1,1,3.3396298456995,G4_vs_G1_infeccao_2h,G4_Infected_2h,G1_Control_T0
21366,1437060_at,0.0273205429372216,8.346544,5.100494,3.24605,12.4037735056643,1.81672757130213e-06,0.0017433240466659,1,1,3.26187974099336,G4_vs_G1_infeccao_2h,G4_Infected_2h,G1_Control_T0
34645,1450350_a_at,0.0279743418182675,9.667082,6.422178,3.244904,14.7934327274014,2.47374202077306e-06,0.00201650152678264,1,1,3.25925479791853,G4_vs_G1_infeccao_2h,G4_Infected_2h,G1_Control_T0
7259,1422953_at,0.0252052222509187,12.34848,9.38978,2.9587,18.1856166755941,1.19182881629557e-07,0.000820112142084591,1,1,3.24312472938125,G4_vs_G1_infeccao_2h,G4_Infected_2h,G1_Control_T0
1405,1417074_at,0.0257501482371061,8.253356,5.290446,2.96291,18.3334078564609,3.27020965256339e-07,0.000981385942107303,1,1,3.23440583804916,G4_vs_G1_infeccao_2h,G4_Infected_2h,G1_Control_T0
35832,1451537_at,0.0244309577403487,9.044274,6.138634,2.90564,18.7854300860232,1.2728731058274e-07,0.000820112142084591,1,1,3.21141257302709,G4_vs_G1_infeccao_2h,G4_Infected_2h,G1_Control_T0
4636,1420330_at,0.0245934527720734,9.804498,6.583028,3.22147,13.5660160251346,9.25031672243907e-07,0.0014851008454075,1,1,3.20735671656551,G4_vs_G1_infeccao_2h,G4_Infected_2h,G1_Control_T0
33181,1448881_at,0.0227060594909453,12.32996,9.531466,2.798494,22.299944173015,3.39600438017804e-08,0.000510543978501366,1,1,3.20574760484087,G4_vs_G1_infeccao_2h,G4_Infected_2h,G1_Control_T0
9137,1424831_at,0.0273290908178089,8.203348,5.159312,3.044036,20.9248681289687,6.09007440766392e-06,0.00283163346247475,1,1,3.15327145442306,G4_vs_G1_infeccao_2h,G4_Infected_2h,G1_Control_T0
1202,1416871_at,0.0236993666279884,10.54098,7.495152,3.045828,13.6713345772262,1.13169998605776e-06,0.00162805323269984,1,1,3.13322842823551,G4_vs_G1_infeccao_2h,G4_Infected_2h,G1_Control_T0
3178,1418847_at,0.0251829605386579,9.989574,6.898356,3.091218,11.19140767824,4.28482002615099e-06,0.00258262423974465,1,1,3.12062855688407,G4_vs_G1_infeccao_2h,G4_Infected_2h,G1_Control_T0
41188,1456893_at,0.0228665197194002,10.259326,7.517556,2.74177,16.0860527930892,2.43111495714139e-07,0.000981385942107303,1,1,3.11107724073251,G4_vs_G1_infeccao_2h,G4_Infected_2h,G1_Control_T0
23147,1438841_s_at,0.0264247952683426,7.999584,5.082456,2.917128,12.8750638627005,5.1989597212914e-06,0.00268759883086185,1,1,3.10870821829042,G4_vs_G1_infeccao_2h,G4_Infected_2h,G1_Control_T0
36153,1451858_at,0.023809658745305,9.456242,6.357124,3.099118,14.4963726729007,7.30522045348768e-06,0.00292782413283991,1,1,3.07047177392452,G4_vs_G1_infeccao_2h,G4_Infected_2h,G1_Control_T0
32873,1448573_a_at,0.023247938830943,8.30631,5.513154,2.793156,13.0385819242582,1.3721617954384e-06,0.00162805323269984,1,1,3.06552538138112,G4_vs_G1_infeccao_2h,G4_Infected_2h,G1_Control_T0
44750,1460458_at,0.0225984978830752,8.493808,5.751022,2.742786,13.67956002157,1.57014526027869e-06,0.00163221988787908,1,1,3.03728699723121,G4_vs_G1_infeccao_2h,G4_Infected_2h,G1_Control_T0
26645,1442339_at,0.0229257510632615,10.81754,8.093018,2.724522,12.2619295169823,2.01582004641562e-06,0.00183501673340957,1,1,3.0262092378336,G4_vs_G1_infeccao_2h,G4_Infected_2h,G1_Control_T0
24208,1439902_at,0.0212180237925074,8.908298,6.383356,2.524942,15.2229041960505,3.91675283429003e-07,0.000981385942107303,1,1,3.02050770602888,G4_vs_G1_infeccao_2h,G4_Infected_2h,G1_Control_T0
5070,1420764_at,0.0223915630719517,8.197478,5.42538,2.772098,17.087446344009,2.31900817410538e-06,0.00193684421593197,1,1,3.01588953879182,G4_vs_G1_infeccao_2h,G4_Infected_2h,G1_Control_T0
14918,1430612_at,0.0217327121470321,10.58826,8.096236,2.492024,14.1879835988851,6.17185425128282e-07,0.00115981999411294,1,1,3.00441499032531,G4_vs_G1_infeccao_2h,G4_Infected_2h,G1_Control_T0
40507,1456212_x_at,0.0222673992720634,9.903284,7.212226,2.691058,12.196474814798,2.01513369135472e-06,0.00183501673340957,1,1,3.00183085630706,G4_vs_G1_infeccao_2h,G4_Infected_2h,G1_Control_T0
40194,1455899_x_at,0.0241355955723255,11.19906,8.38859,2.81047,12.6276695137311,9.2559404738841e-06,0.00333961737050117,1,1,2.99743842701325,G4_vs_G1_infeccao_2h,G4_Infected_2h,G1_Control_T0
39008,1454713_s_at,0.022808004899889,9.891164,6.975244,2.91592,11.966168770153,1.12563928365077e-05,0.00363567105305236,1,1,2.97545463634099,G4_vs_G1_infeccao_2h,G4_Infected_2h,G1_Control_T0
3978,1419647_a_at,0.0216881331214781,8.801916,5.73562,3.066296,11.3323934461134,1.7070380541304e-05,0.00424686605925692,1,1,2.95949614329225,G4_vs_G1_infeccao_2h,G4_Infected_2h,G1_Control_T0
3053,1418722_at,0.0223820832317971,10.492794,7.773964,2.71883,10.0755582569056,8.31824991418616e-06,0.00315261671747656,1,1,2.93955204693573,G4_vs_G1_infeccao_2h,G4_Infected_2h,G1_Control_T0
3941,1419610_at,0.0227458260301881,8.592116,5.935442,2.656674,10.6985417565524,8.07050680418519e-06,0.00308464345233522,1,1,2.93799787680996,G4_vs_G1_infeccao_2h,G4_Infected_2h,G1_Control_T0
8562,1424256_at,0.0245336969017765,10.245778,7.459746,2.786032,15.4262001617428,3.0791726471389e-05,0.0054507148357509,1,1,2.93763547625868,G4_vs_G1_infeccao_2h,G4_Infected_2h,G1_Control_T0
31590,1447284_at,0.0215746911993156,9.18524,6.60199,2.58325,13.2730606720626,3.3868153464687e-06,0.00238669935845445,1,1,2.92538969569877,G4_vs_G1_infeccao_2h,G4_Infected_2h,G1_Control_T0
34723,1450428_at,0.0213532547869233,6.610034,3.842666,2.767368,13.5505381608539,9.49774849036343e-06,0.0033996663068562,1,1,2.91388168110185,G4_vs_G1_infeccao_2h,G4_Infected_2h,G1_Control_T0
3940,1419609_at,0.0212235257866471,11.3164,8.672658,2.643742,11.2949353138872,6.87864144456957e-06,0.00292782413283991,1,1,2.90281511908739,G4_vs_G1_infeccao_2h,G4_Infected_2h,G1_Control_T0
34279,1449984_at,0.023820732914607,8.059742,4.323382,3.73636,7.30911545201281,0.00151799843421566,0.0326793543587402,1,1,2.89392149050464,G4_vs_G1_infeccao_2h,G4_Infected_2h,G1_Control_T0
34617,1450322_s_at,0.0202787847222593,7.851552,5.557796,2.293756,12.8389977751377,1.59237433907628e-06,0.00163221988787908,1,1,2.87789855800789,G4_vs_G1_infeccao_2h,G4_Infected_2h,G1_Control_T0
456,1416125_at,0.0218018854230291,10.20513,7.59865,2.60648,13.109449641395,1.24626421295021e-05,0.00373662691479075,1,1,2.8772565860467,G4_vs_G1_infeccao_2h,G4_Infected_2h,G1_Control_T0
15316,1431010_a_at,0.0221428728903195,9.287874,6.73953,2.548344,13.7716920367116,1.0971974645154e-05,0.00363567105305236,1,1,2.87674658578268,G4_vs_G1_infeccao_2h,G4_Infected_2h,G1_Control_T0
33484,1449184_at,0.0188326157659936,10.205902,8.083668,2.122234,18.1211765673069,3.20036577151174e-07,0.000981385942107303,1,1,2.86970878440608,G4_vs_G1_infeccao_2h,G4_Infected_2h,G1_Control_T0
6390,1422084_at,0.0206587500053958,8.256748,5.800438,2.45631,13.7275069603985,6.45249996581844e-06,0.00287830178564743,1,1,2.84892394730644,G4_vs_G1_infeccao_2h,G4_Infected_2h,G1_Control_T0
10746,1426440_at,0.019358531528658,9.90677,7.879106,2.027664,15.1855110196376,5.84745242600829e-07,0.00114663457332783,1,1,2.8417300771481,G4_vs_G1_infeccao_2h,G4_Infected_2h,G1_Control_T0
6040,1421734_at,0.0215657810093332,9.986204,7.266698,2.719506,9.38307902028315,3.46567712639349e-05,0.00578582960723374,1,1,2.83858138190078,G4_vs_G1_infeccao_2h,G4_Infected_2h,G1_Control_T0
18352,1434046_at,0.0193325554043347,6.455646,4.496392,1.959254,16.6464116746034,4.88160944492522e-07,0.00107501882875574,1,1,2.83438616885955,G4_vs_G1_infeccao_2h,G4_Infected_2h,G1_Control_T0
35163,1450868_at,0.0179876950092977,9.51815,7.27666,2.24149,16.158465396593,7.71521872263605e-07,0.00133832338311388,1,1,2.83349799931019,G4_vs_G1_infeccao_2h,G4_Infected_2h,G1_Control_T0
20807,1436501_at,0.0184145600388046,8.181892,5.857422,2.32447,12.5667057734666,2.14464319737816e-06,0.00183501673340957,1,1,2.8212654319837,G4_vs_G1_infeccao_2h,G4_Infected_2h,G1_Control_T0
11408,1427102_at,0.0220525762099164,10.87698,8.566892,2.310088,10.6710257599118,1.37524872822104e-05,0.00382870943774674,1,1,2.81471641149899,G4_vs_G1_infeccao_2h,G4_Infected_2h,G1_Control_T0
8815,1424509_at,0.0196661916421656,9.176834,6.82351,2.353324,12.661488862687,4.37501646289741e-06,0.00259628444069916,1,1,2.81411435936619,G4_vs_G1_infeccao_2h,G4_Infected_2h,G1_Control_T0
5568,1421262_at,0.0283999363710348,11.41162,3.644866,7.766754,17.0579637016464,5.89119591190912e-05,0.00489316439821387,1,1,3.54265870945421,G5_vs_G1_infeccao_24h,G5_Infected_24h_Untreated,G1_Control_T0
3053,1418722_at,0.0246221334258698,13.88454,7.773964,6.110576,26.6783883114473,7.32581591957556e-08,0.000567627142643686,1,1,3.4161299513084,G5_vs_G1_infeccao_24h,G5_Infected_24h_Untreated,G1_Control_T0
12053,1427747_a_at,0.0219290887481007,13.75872,7.262452,6.496268,26.1476189193936,7.94005608627354e-08,0.000567627142643686,1,1,3.3709635071152,G5_vs_G1_infeccao_24h,G5_Infected_24h_Untreated,G1_Control_T0
34304,1450009_at,0.0225164696343735,11.83528,6.604408,5.230872,13.3311359945769,1.48905099856224e-06,0.00101374012371884,1,1,3.16956474595895,G5_vs_G1_infeccao_24h,G5_Infected_24h_Untreated,G1_Control_T0
34483,1450188_s_at,0.022994542762701,9.759166,3.297382,6.461784,13.4719512175957,0.000161962239122344,0.00827977398370044,1,1,3.13065508598435,G5_vs_G1_infeccao_24h,G5_Infected_24h_Untreated,G1_Control_T0
21366,1437060_at,0.021056095375552,10.38695,5.100494,5.286456,15.1504027742038,1.33730990371426e-06,0.00101374012371884,1,1,3.1252996213148,G5_vs_G1_infeccao_24h,G5_Infected_24h_Untreated,G1_Control_T0
18352,1434046_at,0.0211436820742072,9.938952,4.496392,5.44256,17.7753947582159,1.31670091155493e-05,0.00239453741177576,1,1,3.06080482953228,G5_vs_G1_infeccao_24h,G5_Infected_24h_Untreated,G1_Control_T0
9757,1425451_s_at,0.0168359806295557,12.06484,6.960292,5.104548,19.9762070113879,3.09203831710858e-07,0.000771688807212901,1,1,2.98111130932155,G5_vs_G1_infeccao_24h,G5_Infected_24h_Untreated,G1_Control_T0
4095,1419764_at,0.0165818082999377,12.43628,7.318866,5.117414,19.0469579194513,1.35200125572785e-06,0.00101374012371884,1,1,2.94598901170843,G5_vs_G1_infeccao_24h,G5_Infected_24h_Untreated,G1_Control_T0
3863,1419532_at,0.016749701105818,11.62704,6.64092,4.98612,17.1573155642509,3.55545121614795e-06,0.00134751601092007,1,1,2.90596380731919,G5_vs_G1_infeccao_24h,G5_Infected_24h_Untreated,G1_Control_T0
25171,1440865_at,0.0173437942578968,13.38472,9.045706,4.339014,15.97759702096,2.39392149449666e-07,0.000771201809452098,1,1,2.90049101692995,G5_vs_G1_infeccao_24h,G5_Infected_24h_Untreated,G1_Control_T0
1621,1417290_at,0.0147954635508859,12.6025,7.674014,4.928486,13.2392697985586,1.25948998204852e-06,0.00101374012371884,1,1,2.85876414087305,G5_vs_G1_infeccao_24h,G5_Infected_24h_Untreated,G1_Control_T0
8815,1424509_at,0.0186473254714411,11.73664,6.82351,4.91313,12.3824433138539,3.70711246150086e-05,0.00402944979599668,1,1,2.8516509755477,G5_vs_G1_infeccao_24h,G5_Infected_24h_Untreated,G1_Control_T0
35121,1450826_a_at,0.0136188655957911,12.29682,6.701668,5.595152,9.15533958201985,1.74553231584564e-05,0.00274304017341304,1,1,2.80163240001775,G5_vs_G1_infeccao_24h,G5_Infected_24h_Untreated,G1_Control_T0
4012,1419681_a_at,0.0171556870232903,10.228436,4.749106,5.47933,10.5565562169355,0.00041424465899488,0.0134727055022602,1,1,2.74890494814799,G5_vs_G1_infeccao_24h,G5_Infected_24h_Untreated,G1_Control_T0
4040,1419709_at,0.0151146821784583,10.235264,5.271988,4.963276,15.1801565159282,3.04905745268587e-05,0.00372194110592869,1,1,2.74181587613864,G5_vs_G1_infeccao_24h,G5_Infected_24h_Untreated,G1_Control_T0
17734,1433428_x_at,0.014436367228324,9.951146,6.404854,3.546292,17.6392183255857,5.46910347116001e-07,0.000772322691342148,1,1,2.69590230858464,G5_vs_G1_infeccao_24h,G5_Infected_24h_Untreated,G1_Control_T0
1599,1417268_at,0.0144047178376857,11.434984,6.794172,4.640812,10.1423642692769,2.18394975404679e-05,0.00304902035532744,1,1,2.69564092534342,G5_vs_G1_infeccao_24h,G5_Infected_24h_Untreated,G1_Control_T0
21583,1437277_x_at,0.0142072416639508,10.131334,6.613534,3.5178,17.6067178678957,5.19663700475394e-07,0.000772322691342148,1,1,2.68416602632956,G5_vs_G1_infeccao_24h,G5_Infected_24h_Untreated,G1_Control_T0
19064,1434758_at,0.015261016971988,10.257398,5.78625,4.471148,15.5979468800867,3.45521122173778e-05,0.00392527660734498,1,1,2.67817931307599,G5_vs_G1_infeccao_24h,G5_Infected_24h_Untreated,G1_Control_T0
40195,1455900_x_at,0.0139862245976315,9.451712,6.056614,3.395098,16.757574515606,1.8844740029286e-07,0.000693408302928648,1,1,2.67157981323277,G5_vs_G1_infeccao_24h,G5_Infected_24h_Untreated,G1_Control_T0
33666,1449366_at,0.015936467335455,12.66056,7.952312,4.708248,11.6928423338514,0.000151116141585356,0.0079994003540389,1,1,2.65986991624912,G5_vs_G1_infeccao_24h,G5_Infected_24h_Untreated,G1_Control_T0
11408,1427102_at,0.0147186632472005,12.8515,8.566892,4.284608,11.1967445243836,2.73247047184084e-05,0.00350447172873268,1,1,2.64663161680167,G5_vs_G1_infeccao_24h,G5_Infected_24h_Untreated,G1_Control_T0
19154,1434848_at,0.0158532711435607,7.805182,3.733616,4.071566,15.05596333561,4.02077128689169e-05,0.00415817596516518,1,1,2.64170610433492,G5_vs_G1_infeccao_24h,G5_Infected_24h_Untreated,G1_Control_T0
18790,1434484_at,0.015091276819546,12.00384,7.02532,4.97852,10.1324588343775,0.000248700625751086,0.0104050528033393,1,1,2.63808848378112,G5_vs_G1_infeccao_24h,G5_Infected_24h_Untreated,G1_Control_T0
34617,1450322_s_at,0.0156376469724798,10.38672,5.557796,4.828924,10.1180025040848,0.000290335804509819,0.0111789782645578,1,1,2.63074764714262,G5_vs_G1_infeccao_24h,G5_Infected_24h_Untreated,G1_Control_T0
7259,1422953_at,0.0130645253743787,13.38534,9.38978,3.99556,16.0660937863334,6.23787709943601e-06,0.00164523096527289,1,1,2.62830318466734,G5_vs_G1_infeccao_24h,G5_Infected_24h_Untreated,G1_Control_T0
32513,1448213_at,0.0122337539641746,13.89512,10.332744,3.562376,15.6816529352071,2.91264864007755e-07,0.000771688807212901,1,1,2.62049990505944,G5_vs_G1_infeccao_24h,G5_Infected_24h_Untreated,G1_Control_T0
11562,1427256_at,0.0159606313492759,9.234834,4.778652,4.456182,11.5085686850859,0.000184971003898285,0.00890328414815002,1,1,2.61734626037412,G5_vs_G1_infeccao_24h,G5_Infected_24h_Untreated,G1_Control_T0
20836,1436530_at,0.0126550089242592,12.53918,7.614196,4.924984,8.15393177276518,8.47388663085285e-05,0.00597157438965772,1,1,2.60205267791738,G5_vs_G1_infeccao_24h,G5_Infected_24h_Untreated,G1_Control_T0
37476,1453181_x_at,0.0124433021293329,9.062652,5.204594,3.858058,14.2752226973775,5.10443367790458e-06,0.00145200860772536,1,1,2.60146894004284,G5_vs_G1_infeccao_24h,G5_Infected_24h_Untreated,G1_Control_T0
32862,1448562_at,0.0152511064197416,10.40069,5.46212,4.93857,9.4593665389801,0.000584874773433229,0.015929007944814,1,1,2.59513366970269,G5_vs_G1_infeccao_24h,G5_Infected_24h_Untreated,G1_Control_T0
13833,1429527_a_at,0.0131947697482506,8.052866,4.208584,3.844282,13.0162554416206,1.6335819362693e-05,0.0026686074915935,1,1,2.56407419950685,G5_vs_G1_infeccao_24h,G5_Infected_24h_Untreated,G1_Control_T0
33219,1448919_at,0.0116790968429706,9.33687,6.243154,3.093716,17.6859275773838,1.19241810239638e-06,0.00101374012371884,1,1,2.51279876680196,G5_vs_G1_infeccao_24h,G5_Infected_24h_Untreated,G1_Control_T0
11687,1427381_at,0.0136767121746346,10.01102,5.319732,4.691288,9.31760966659728,0.000556253713646414,0.0155339855107535,1,1,2.51042007381543,G5_vs_G1_infeccao_24h,G5_Infected_24h_Untreated,G1_Control_T0
3978,1419647_a_at,0.0112198604208266,9.330876,5.73562,3.595256,13.2307771458086,6.70707063356527e-06,0.00172854624368244,1,1,2.50677024278181,G5_vs_G1_infeccao_24h,G5_Infected_24h_Untreated,G1_Control_T0
8560,1424254_at,0.0132299672506643,13.31656,8.869408,4.447152,8.85099095582831,0.000243465534198702,0.0103029592662331,1,1,2.5051393160077,G5_vs_G1_infeccao_24h,G5_Infected_24h_Untreated,G1_Control_T0
32112,1447806_s_at,-0.0108789139653503,6.007156,9.238398,-3.231242,-12.8296964370293,1.31621483118057e-06,0.00101374012371884,0,1,2.50233024042928,G5_vs_G1_infeccao_24h,G5_Infected_24h_Untreated,G1_Control_T0
1831,1417500_a_at,0.0118191936435118,9.525122,6.567692,2.95743,20.2485893735339,1.22033957986853e-06,0.00101374012371884,1,1,2.50018441113107,G5_vs_G1_infeccao_24h,G5_Infected_24h_Untreated,G1_Control_T0
21362,1437056_x_at,0.0127104393270492,11.17944,7.113986,4.065454,13.2633808301929,7.48686647032481e-05,0.00559048285890926,1,1,2.50006332683401,G5_vs_G1_infeccao_24h,G5_Infected_24h_Untreated,G1_Control_T0
44622,1460330_at,0.0121079197108513,9.269186,5.807766,3.46142,11.2000057712894,1.24846452888012e-05,0.00235605782188689,1,1,2.48921620704884,G5_vs_G1_infeccao_24h,G5_Infected_24h_Untreated,G1_Control_T0
33327,1449027_at,0.010895889317337,8.178104,5.128388,3.049716,17.5447110206998,9.92712310018135e-07,0.00101374012371884,1,1,2.47955578233523,G5_vs_G1_infeccao_24h,G5_Infected_24h_Untreated,G1_Control_T0
12150,1427844_a_at,0.0105941438661117,9.89342,7.041364,2.852056,14.3428804986245,5.4797734247464e-07,0.000772322691342148,1,1,2.4712267452931,G5_vs_G1_infeccao_24h,G5_Infected_24h_Untreated,G1_Control_T0
36008,1451713_a_at,-0.010414263491569,4.565596,7.84498,-3.279384,-11.3336489435482,3.41198375011299e-06,0.00132658516477453,0,1,2.4647322776206,G5_vs_G1_infeccao_24h,G5_Infected_24h_Untreated,G1_Control_T0
6428,1422122_at,-0.0143315000383503,6.69779,10.52682,-3.82903,-8.59171045555146,0.000252152112677816,0.0105007501697896,0,1,2.46240048653691,G5_vs_G1_infeccao_24h,G5_Infected_24h_Untreated,G1_Control_T0
9033,1424727_at,0.0103109491934833,8.7039,5.81386,2.89004,21.4284299514305,7.03035991812608e-07,0.000839698079661073,1,1,2.45761395811098,G5_vs_G1_infeccao_24h,G5_Infected_24h_Untreated,G1_Control_T0
2493,1418162_at,0.00987550534663885,8.026202,4.778966,3.247236,13.2807063562032,2.82803717795408e-06,0.00117015875929272,1,1,2.45442112971654,G5_vs_G1_infeccao_24h,G5_Infected_24h_Untreated,G1_Control_T0
20067,1435761_at,0.0126303600835226,10.24127,5.90404,4.33723,8.28614751762198,0.00040100936704369,0.0133166660878517,1,1,2.4437004329704,G5_vs_G1_infeccao_24h,G5_Infected_24h_Untreated,G1_Control_T0
25143,1440837_at,-0.0138413780248193,7.693236,11.39754,-3.704304,-8.48611411910362,0.000226781275079661,0.00991236787581241,0,1,2.43496562320148,G5_vs_G1_infeccao_24h,G5_Infected_24h_Untreated,G1_Control_T0
11748,1427442_a_at,0.0101024613283645,11.5908,8.52072,3.07008,11.3715898604132,3.99968277140093e-06,0.00136151806437917,1,1,2.42415324734433,G5_vs_G1_infeccao_24h,G5_Infected_24h_Untreated,G1_Control_T0
5568,1421262_at,0.0458831227794536,11.41162,3.897822,7.513798,16.0762101545498,3.64354957190417e-05,0.0262828375416597,1,1,3.70449418135136,G5_vs_G4_progressao_2h_para_24h,G5_Infected_24h_Untreated,G4_Infected_2h
34483,1450188_s_at,0.0376621021659567,9.759166,3.45,6.309166,12.8095523361677,0.000105005892485548,0.0378869660559255,1,1,3.2941981251495,G5_vs_G4_progressao_2h_para_24h,G5_Infected_24h_Untreated,G4_Infected_2h
34304,1450009_at,0.0335790833474668,11.83528,6.713602,5.121678,14.4285571468681,3.88419118306333e-06,0.0147980925939505,1,1,3.22918096038431,G5_vs_G4_progressao_2h_para_24h,G5_Infected_24h_Untreated,G4_Infected_2h
9757,1425451_s_at,0.0272790836582753,12.06484,7.589998,4.474842,19.4043134730227,1.48748638895781e-07,0.00571214909787018,1,1,3.19008379368771,G5_vs_G4_progressao_2h_para_24h,G5_Infected_24h_Untreated,G4_Infected_2h
4095,1419764_at,0.0282024154133784,12.43628,7.838078,4.598202,18.5817258383682,8.36731436829382e-07,0.0122400071869696,1,1,3.07907474225142,G5_vs_G4_progressao_2h_para_24h,G5_Infected_24h_Untreated,G4_Infected_2h
4012,1419681_a_at,0.0283078989649253,10.228436,5.251736,4.9767,9.59798691713112,0.000614941945684045,0.0668074434770353,1,1,2.80317676321044,G5_vs_G4_progressao_2h_para_24h,G5_Infected_24h_Untreated,G4_Infected_2h
3053,1418722_at,0.0221649251791075,13.88454,10.492794,3.391746,15.5951333955889,1.52005095284354e-06,0.0122400071869696,1,1,2.78692510611637,G5_vs_G4_progressao_2h_para_24h,G5_Infected_24h_Untreated,G4_Infected_2h
20836,1436530_at,0.0260326469113734,12.53918,7.87528,4.6639,8.42550925155917,0.000220648560440026,0.0490736113079066,1,1,2.77168495545999,G5_vs_G4_progressao_2h_para_24h,G5_Infected_24h_Untreated,G4_Infected_2h
35121,1450826_a_at,0.0262439099433348,12.29682,7.982836,4.313984,6.57813765042294,0.000174786753212,0.0453049273368645,1,1,2.74518977632406,G5_vs_G4_progressao_2h_para_24h,G5_Infected_24h_Untreated,G4_Infected_2h
32862,1448562_at,0.0262486456529257,10.40069,5.833312,4.567378,8.69380348143004,0.000731252197036556,0.0706214247078067,1,1,2.69307141191683,G5_vs_G4_progressao_2h_para_24h,G5_Infected_24h_Untreated,G4_Infected_2h
18352,1434046_at,0.0205885513708301,9.938952,6.455646,3.483306,11.6581897752599,0.000169020691797536,0.0450256227447751,1,1,2.51257754267665,G5_vs_G4_progressao_2h_para_24h,G5_Infected_24h_Untreated,G4_Infected_2h
25171,1440865_at,0.0166999271473563,13.38472,10.63776,2.74696,10.6798972924469,6.2155101185331e-06,0.0186883814570641,1,1,2.50007170457812,G5_vs_G4_progressao_2h_para_24h,G5_Infected_24h_Untreated,G4_Infected_2h
34723,1450428_at,-0.016736741112506,3.920238,6.610034,-2.689796,-13.1865503487242,1.14285552247834e-05,0.0214375109580091,0,1,2.46669555790991,G5_vs_G4_progressao_2h_para_24h,G5_Infected_24h_Untreated,G4_Infected_2h
17734,1433428_x_at,0.0170043807600926,9.951146,7.239932,2.711214,9.54655564783214,2.11632121057998e-05,0.024295285998186,1,1,2.45115117134023,G5_vs_G4_progressao_2h_para_24h,G5_Infected_24h_Untreated,G4_Infected_2h
41961,1457666_s_at,0.0192533914465023,10.387824,7.162856,3.224968,6.64850353950954,0.00019202886342453,0.0473728230452051,1,1,2.43925804776749,G5_vs_G4_progressao_2h_para_24h,G5_Infected_24h_Untreated,G4_Infected_2h
2207,1417876_at,0.0142758313325636,8.595436,5.866064,2.729372,11.0257253716178,7.8314651659419e-06,0.0196226061360636,1,1,2.43545477897001,G5_vs_G4_progressao_2h_para_24h,G5_Infected_24h_Untreated,G4_Infected_2h
11562,1427256_at,0.0200062346185854,9.234834,5.664314,3.57052,9.40767814595789,0.0006414616745591,0.0680372433714076,1,1,2.43156805060563,G5_vs_G4_progressao_2h_para_24h,G5_Infected_24h_Untreated,G4_Infected_2h
1831,1417500_a_at,0.0142698238666578,9.525122,7.346472,2.17865,11.6388287708823,2.71590001530984e-06,0.0147980925939505,1,1,2.41666174016892,G5_vs_G4_progressao_2h_para_24h,G5_Infected_24h_Untreated,G4_Infected_2h
21583,1437277_x_at,0.0162066378007595,10.131334,7.560796,2.570538,9.31707783948883,2.27483457408666e-05,0.024295285998186,1,1,2.41504238769983,G5_vs_G4_progressao_2h_para_24h,G5_Infected_24h_Untreated,G4_Infected_2h
13580,1429274_at,-0.00944207211292442,4.96537,6.459208,-1.493838,-15.9181983902033,2.53304764766643e-07,0.00571214909787018,0,1,2.40459732647014,G5_vs_G4_progressao_2h_para_24h,G5_Infected_24h_Untreated,G4_Infected_2h
2535,1418204_s_at,0.0173749126462722,8.338596,5.585348,2.753248,7.64603780351511,7.33694617654175e-05,0.0334246070210313,1,1,2.40305852394374,G5_vs_G4_progressao_2h_para_24h,G5_Infected_24h_Untreated,G4_Infected_2h
40195,1455900_x_at,0.0154598168507459,9.451712,6.992736,2.458976,9.23938863635477,3.25112707162215e-05,0.0262828375416597,1,1,2.36869413614993,G5_vs_G4_progressao_2h_para_24h,G5_Infected_24h_Untreated,G4_Infected_2h
4040,1419709_at,0.0173580320123928,10.235264,7.132398,3.102866,9.43854106271725,0.000252561894403309,0.0523017635643231,1,1,2.3625357860323,G5_vs_G4_progressao_2h_para_24h,G5_Infected_24h_Untreated,G4_Infected_2h
20212,1435906_x_at,0.020846729875502,11.84283,8.11748,3.72535,5.23464837786014,0.00349999289277906,0.122823711364133,1,1,2.35612990438328,G5_vs_G4_progressao_2h_para_24h,G5_Infected_24h_Untreated,G4_Infected_2h
442,1416111_at,-0.0143013140659546,6.216772,8.405162,-2.18839,-10.7325746562126,1.42322655285269e-05,0.0214375109580091,0,1,2.34688521506761,G5_vs_G4_progressao_2h_para_24h,G5_Infected_24h_Untreated,G4_Infected_2h
44622,1460330_at,0.0129937862660178,9.269186,7.017508,2.251678,11.5909215591133,1.30108998401029e-05,0.0214375109580091,1,1,2.32681119444995,G5_vs_G4_progressao_2h_para_24h,G5_Infected_24h_Untreated,G4_Infected_2h
5857,1421551_s_at,0.0169276635820548,10.056282,7.206446,2.849836,6.16753538887913,0.000270604973467053,0.0532882719656128,1,1,2.31586295113989,G5_vs_G4_progressao_2h_para_24h,G5_Infected_24h_Untreated,G4_Infected_2h
11080,1426774_at,0.019949971651174,9.360278,5.997798,3.36248,6.354144480537,0.00272070956007652,0.112257191711463,1,1,2.30570801888063,G5_vs_G4_progressao_2h_para_24h,G5_Infected_24h_Untreated,G4_Infected_2h
2571,1418240_at,0.0195448810882065,11.553196,8.011896,3.5413,5.23672768796349,0.00379682493433054,0.126927530094783,1,1,2.29689868211919,G5_vs_G4_progressao_2h_para_24h,G5_Infected_24h_Untreated,G4_Infected_2h
4855,1420549_at,0.0195710400750075,11.012316,7.477728,3.534588,5.24424060622468,0.00422641412875859,0.13223895419123,1,1,2.28863875572075,G5_vs_G4_progressao_2h_para_24h,G5_Infected_24h_Untreated,G4_Infected_2h
41182,1456887_at,0.0138271829544108,7.688132,5.559418,2.128714,8.0956235577724,4.57682944633942e-05,0.0276176289053475,1,1,2.27956667442477,G5_vs_G4_progressao_2h_para_24h,G5_Infected_24h_Untreated,G4_Infected_2h
785,1416454_s_at,-0.0166053038904274,7.307762,9.538958,-2.231196,-7.39245389674957,0.000132984914577583,0.0410011327226142,0,1,2.2772508787456,G5_vs_G4_progressao_2h_para_24h,G5_Infected_24h_Untreated,G4_Infected_2h
1140,1416809_at,-0.0204945993012042,5.191936,9.984078,-4.792142,-3.24598991939538,0.0224395038000651,0.247197045198112,0.04,0.96,2.27501781888359,G5_vs_G4_progressao_2h_para_24h,G5_Infected_24h_Untreated,G4_Infected_2h
12053,1427747_a_at,0.0114678770918224,13.75872,11.73892,2.0198,9.93512843767221,1.26165024732725e-05,0.0214375109580091,1,1,2.26269444156379,G5_vs_G4_progressao_2h_para_24h,G5_Infected_24h_Untreated,G4_Infected_2h
31021,1446715_at,0.0197766228283512,7.001242,3.88766,3.113582,6.19326284549287,0.0032434691825811,0.119220622333814,1,1,2.25715263362037,G5_vs_G4_progressao_2h_para_24h,G5_Infected_24h_Untreated,G4_Infected_2h
8482,1424176_a_at,0.0115802249561743,7.742854,5.807676,1.935178,10.2958956442904,1.48864832016421e-05,0.0214375109580091,1,1,2.25388078848662,G5_vs_G4_progressao_2h_para_24h,G5_Infected_24h_Untreated,G4_Infected_2h
3930,1419599_s_at,0.0161948819111886,10.75382,8.12651,2.62731,5.90942274486604,0.000387388539968976,0.0582387018038027,1,1,2.25307784823605,G5_vs_G4_progressao_2h_para_24h,G5_Infected_24h_Untreated,G4_Infected_2h
14253,1429947_a_at,0.0159416854755575,10.032328,7.19395,2.838378,7.74254158654381,0.000620181118546773,0.0670762317208106,1,1,2.24829761633543,G5_vs_G4_progressao_2h_para_24h,G5_Infected_24h_Untreated,G4_Infected_2h
36227,1451932_a_at,0.0109901860841608,8.174706,6.19687,1.977836,9.85642681459653,1.501804606732e-05,0.0214375109580091,1,1,2.24669847137483,G5_vs_G4_progressao_2h_para_24h,G5_Infected_24h_Untreated,G4_Infected_2h
3929,1419598_at,0.0157341804180902,9.912886,7.34765,2.565236,6.02855597440109,0.000320360730490546,0.0560442094091958,1,1,2.24221203626685,G5_vs_G4_progressao_2h_para_24h,G5_Infected_24h_Untreated,G4_Infected_2h
37863,1453568_at,-0.0117752189181782,6.245496,8.160524,-1.915028,-9.01505984329185,1.83436412805015e-05,0.0236449882503956,0,1,2.2364736718805,G5_vs_G4_progressao_2h_para_24h,G5_Infected_24h_Untreated,G4_Infected_2h
1621,1417290_at,0.0138987545485211,12.6025,10.114746,2.487754,6.85136087663787,0.000161688673542176,0.0450143263297882,1,1,2.23432869212282,G5_vs_G4_progressao_2h_para_24h,G5_Infected_24h_Untreated,G4_Infected_2h
11748,1427442_a_at,0.0116382461698706,11.5908,9.58671,2.00409,9.70218831837641,3.24164542338175e-05,0.0262828375416597,1,1,2.22486475009007,G5_vs_G4_progressao_2h_para_24h,G5_Infected_24h_Untreated,G4_Infected_2h
4897,1420591_at,0.0151430842355435,7.996428,5.331092,2.665336,6.77404933495446,0.000532650354181738,0.0633853921476269,1,1,2.21882000730196,G5_vs_G4_progressao_2h_para_24h,G5_Infected_24h_Untreated,G4_Infected_2h
1593,1417262_at,-0.0161855485268898,4.66449,6.976136,-2.311646,-6.1561720415414,0.000327088722811198,0.0564121499430357,0,1,2.21703254757538,G5_vs_G4_progressao_2h_para_24h,G5_Infected_24h_Untreated,G4_Infected_2h
37476,1453181_x_at,0.0125087659327646,9.062652,6.808956,2.253696,7.66914926241439,9.0600664990535e-05,0.0358436894012116,1,1,2.21699028725236,G5_vs_G4_progressao_2h_para_24h,G5_Infected_24h_Untreated,G4_Infected_2h
13232,1428926_at,-0.0124991009930869,6.239202,8.021992,-1.78279,-8.61776597097953,3.49668873441442e-05,0.0262828375416597,0,1,2.21417416249327,G5_vs_G4_progressao_2h_para_24h,G5_Infected_24h_Untreated,G4_Infected_2h
34431,1450136_at,0.0116959843270201,8.113042,6.182224,1.930818,8.24437744940483,4.7478290041648e-05,0.0276176289053475,1,1,2.20678054914603,G5_vs_G4_progressao_2h_para_24h,G5_Infected_24h_Untreated,G4_Infected_2h
4022,1419691_at,0.0180851302420719,10.9487,8.379154,2.569546,5.98848276120371,0.00146992411935821,0.0886291946979077,1,1,2.20528957047838,G5_vs_G4_progressao_2h_para_24h,G5_Infected_24h_Untreated,G4_Infected_2h
13833,1429527_a_at,0.0134869461139845,8.052866,5.72431,2.328556,7.27529516451622,0.000164967634715492,0.0450256227447751,1,1,2.20411751674672,G5_vs_G4_progressao_2h_para_24h,G5_Infected_24h_Untreated,G4_Infected_2h
34304,1450009_at,-0.0611290992898952,9.493216,11.83528,-2.342064,-3.14823248678143,0.0219318622151209,0.628220012478856,0.16,0.84,3.46299966571602,G6_vs_G5_efeito_linezolida,G6_Infected_24h_Linezolid,G5_Infected_24h_Untreated
4022,1419691_at,-0.0536945797915663,8.763964,10.9487,-2.184736,-3.43146482416844,0.00964026149614074,0.625503394433033,0.08,0.92,3.45739818681545,G6_vs_G5_efeito_linezolida,G6_Infected_24h_Linezolid,G5_Infected_24h_Untreated
4040,1419709_at,-0.0495439089550259,8.172344,10.235264,-2.06292,-3.63745604267141,0.00849530113311109,0.625503394433033,0.08,0.92,3.34829195439295,G6_vs_G5_efeito_linezolida,G6_Infected_24h_Linezolid,G5_Infected_24h_Untreated
9757,1425451_s_at,-0.0443295735350486,10.28438,12.06484,-1.78046,-5.93016367674048,0.0010724155088257,0.625503394433033,0,1,3.32744513378119,G6_vs_G5_efeito_linezolida,G6_Infected_24h_Linezolid,G5_Infected_24h_Untreated
3863,1419532_at,-0.0396485383718193,9.65233,11.62704,-1.97471,-5.81521086329379,0.000452881242130954,0.625503394433033,0,1,3.31657690362009,G6_vs_G5_efeito_linezolida,G6_Infected_24h_Linezolid,G5_Infected_24h_Untreated
4095,1419764_at,-0.0407358520988768,10.78536,12.43628,-1.65092,-6.04091527791952,0.000973424055028044,0.625503394433033,0,1,3.22483718056664,G6_vs_G5_efeito_linezolida,G6_Infected_24h_Linezolid,G5_Infected_24h_Untreated
10120,1425814_a_at,0.0322777345467204,9.502724,7.578254,1.92447,4.20459448131347,0.00893144823166053,0.625503394433033,1,1,3.17900473957919,G6_vs_G5_efeito_linezolida,G6_Infected_24h_Linezolid,G5_Infected_24h_Untreated
19064,1434758_at,-0.0375410392683356,8.709818,10.257398,-1.54758,-4.25992589930867,0.00290986846240109,0.625503394433033,0,1,3.13761745426565,G6_vs_G5_efeito_linezolida,G6_Infected_24h_Linezolid,G5_Infected_24h_Untreated
456,1416125_at,-0.0381755858630311,8.27545,9.785294,-1.509844,-6.54668299952379,0.000362281102347456,0.625503394433033,0,1,3.13523311629672,G6_vs_G5_efeito_linezolida,G6_Infected_24h_Linezolid,G5_Infected_24h_Untreated
21362,1437056_x_at,-0.0360371549096044,9.606978,11.17944,-1.572462,-4.13414974741328,0.00358622351515463,0.625503394433033,0,1,3.12143238312683,G6_vs_G5_efeito_linezolida,G6_Infected_24h_Linezolid,G5_Infected_24h_Untreated
3053,1418722_at,-0.0402091295734495,12.32206,13.88454,-1.56248,-3.84918462160524,0.0134767283289473,0.625503394433033,0.04,0.96,3.10630443904159,G6_vs_G5_efeito_linezolida,G6_Infected_24h_Linezolid,G5_Infected_24h_Untreated
33734,1449434_at,0.0418643444950629,6.429672,4.92468,1.504992,2.85819979195821,0.0379935195597446,0.635469503438866,0.96,0.96,3.08024265783929,G6_vs_G5_efeito_linezolida,G6_Infected_24h_Linezolid,G5_Infected_24h_Untreated
31021,1446715_at,-0.0501019043670919,5.36294,7.001242,-1.638302,-2.37819167195106,0.0447627038096679,0.647480020692697,0.12,0.88,3.06018423297666,G6_vs_G5_efeito_linezolida,G6_Infected_24h_Linezolid,G5_Infected_24h_Untreated
44750,1460458_at,-0.0331287272143683,7.672314,9.141158,-1.468844,-4.22816103187296,0.00347262289189099,0.625503394433033,0,1,3.03880354450628,G6_vs_G5_efeito_linezolida,G6_Infected_24h_Linezolid,G5_Infected_24h_Untreated
18352,1434046_at,-0.0290414069824367,8.286406,9.938952,-1.652546,-3.33008365608321,0.0118770707487411,0.625503394433033,0,1,3.03407977354236,G6_vs_G5_efeito_linezolida,G6_Infected_24h_Linezolid,G5_Infected_24h_Untreated
26329,1442023_at,0.0382677922179902,6.011008,4.781466,1.229542,3.09314855814502,0.029219316098676,0.628220012478856,1,1,3.03268793381002,G6_vs_G5_efeito_linezolida,G6_Infected_24h_Linezolid,G5_Infected_24h_Untreated
33493,1449193_at,0.0423227618539856,7.411466,5.658696,1.75277,2.39908074016092,0.0445595536256758,0.646199494556786,0.88,0.88,2.97586672652125,G6_vs_G5_efeito_linezolida,G6_Infected_24h_Linezolid,G5_Infected_24h_Untreated
36909,1452614_at,-0.0288329757473112,5.387266,6.95354,-1.566274,-2.93239982126257,0.040487660486463,0.641415895134724,0,1,2.94794180368582,G6_vs_G5_efeito_linezolida,G6_Infected_24h_Linezolid,G5_Infected_24h_Untreated
9004,1424698_s_at,-0.0327239313686259,5.73952,7.187146,-1.447626,-3.51420306171221,0.00896755220491168,0.625503394433033,0.04,0.96,2.94500424666762,G6_vs_G5_efeito_linezolida,G6_Infected_24h_Linezolid,G5_Infected_24h_Untreated
12610,1428304_at,0.0226070270934956,7.218992,5.551374,1.667618,4.26463393651591,0.0104415007163467,0.625503394433033,1,1,2.93391918780627,G6_vs_G5_efeito_linezolida,G6_Infected_24h_Linezolid,G5_Infected_24h_Untreated
35746,1451451_at,-0.0373197151311679,4.680644,6.263124,-1.58248,-3.10346262360118,0.0185172519223475,0.625503394433033,0.12,0.88,2.90580230747737,G6_vs_G5_efeito_linezolida,G6_Infected_24h_Linezolid,G5_Infected_24h_Untreated
9279,1424973_at,0.0318952800255301,5.774396,4.003098,1.771298,2.35739686134409,0.0773526305535493,0.66830307682807,0.96,0.96,2.89986371945513,G6_vs_G5_efeito_linezolida,G6_Infected_24h_Linezolid,G5_Infected_24h_Untreated
8643,1424337_at,0.0216892181550686,11.65614,10.087532,1.568608,3.81671884704657,0.0182691040644904,0.625503394433033,1,1,2.88541326698788,G6_vs_G5_efeito_linezolida,G6_Infected_24h_Linezolid,G5_Infected_24h_Untreated
11157,1426851_a_at,-0.0333405846714774,3.403192,4.906252,-1.50306,-2.40783478722904,0.0610258672464081,0.657818307869183,0.04,0.96,2.86647666837403,G6_vs_G5_efeito_linezolida,G6_Infected_24h_Linezolid,G5_Infected_24h_Untreated
9137,1424831_at,-0.0276696537307986,6.829214,8.045714,-1.2165,-3.73411935357097,0.00591640077534653,0.625503394433033,0,1,2.86414029178012,G6_vs_G5_efeito_linezolida,G6_Infected_24h_Linezolid,G5_Infected_24h_Untreated
11242,1426936_at,-0.0293772394816752,4.890614,6.016946,-1.126332,-3.50242533343688,0.00933650934856648,0.625503394433033,0,1,2.86157369463824,G6_vs_G5_efeito_linezolida,G6_Infected_24h_Linezolid,G5_Infected_24h_Untreated
21197,1436891_at,0.0239756426128204,7.685746,6.078964,1.606782,4.2336280711487,0.00726677956230786,0.625503394433033,0.96,0.96,2.85572943069238,G6_vs_G5_efeito_linezolida,G6_Infected_24h_Linezolid,G5_Infected_24h_Untreated
10531,1426225_at,0.0321611194877136,7.151198,5.082674,2.068524,2.26409533869219,0.0725055068826395,0.666861785698049,0.88,0.88,2.84935556162698,G6_vs_G5_efeito_linezolida,G6_Infected_24h_Linezolid,G5_Infected_24h_Untreated
649,1416318_at,-0.0319136490919449,8.709512,9.89109,-1.181578,-3.60993503436658,0.0148366955135033,0.625503394433033,0.04,0.96,2.84175418685753,G6_vs_G5_efeito_linezolida,G6_Infected_24h_Linezolid,G5_Infected_24h_Untreated
5070,1420764_at,-0.0251872501799912,6.332088,7.535954,-1.203866,-3.75560326939191,0.0092711487444645,0.625503394433033,0,1,2.81925743387504,G6_vs_G5_efeito_linezolida,G6_Infected_24h_Linezolid,G5_Infected_24h_Untreated
8562,1424256_at,-0.0229884966761348,8.00355,9.256638,-1.253088,-3.20297726173978,0.0197050045174928,0.625503394433033,0,1,2.79993849326382,G6_vs_G5_efeito_linezolida,G6_Infected_24h_Linezolid,G5_Infected_24h_Untreated
9949,1425643_at,0.0202372857395345,12.09728,10.53364,1.56364,4.10742857231986,0.0124830180676576,0.625503394433033,0.96,0.96,2.77998085136678,G6_vs_G5_efeito_linezolida,G6_Infected_24h_Linezolid,G5_Infected_24h_Untreated
32531,1448231_at,-0.0256564463803972,6.628012,7.634744,-1.006732,-8.18117768276647,3.74009990656262e-05,0.625503394433033,0,1,2.76024935429187,G6_vs_G5_efeito_linezolida,G6_Infected_24h_Linezolid,G5_Infected_24h_Untreated
8815,1424509_at,-0.0288382705467731,10.421038,11.73664,-1.315602,-2.74076823376326,0.02603292307882,0.628220012478856,0.08,0.92,2.74754310913331,G6_vs_G5_efeito_linezolida,G6_Infected_24h_Linezolid,G5_Infected_24h_Untreated
33064,1448764_a_at,0.0295960814676645,5.849914,3.650658,2.199256,2.01640842278572,0.0972712973530678,0.676759281514576,0.84,0.84,2.74021395557731,G6_vs_G5_efeito_linezolida,G6_Infected_24h_Linezolid,G5_Infected_24h_Untreated
40137,1455842_x_at,0.0213045898526763,7.744642,6.377078,1.367564,4.47762824925991,0.00418163806938889,0.625503394433033,0.96,0.96,2.73111500139405,G6_vs_G5_efeito_linezolida,G6_Infected_24h_Linezolid,G5_Infected_24h_Untreated
37476,1453181_x_at,-0.0206280356491274,7.915834,9.062652,-1.146818,-3.9025504926587,0.00529910286380962,0.625503394433033,0,1,2.72537666817344,G6_vs_G5_efeito_linezolida,G6_Infected_24h_Linezolid,G5_Infected_24h_Untreated
5125,1420819_at,-0.0221958526343744,9.474106,10.52536,-1.051254,-7.67915692615245,0.000316055963231725,0.625503394433033,0,1,2.7186983384763,G6_vs_G5_efeito_linezolida,G6_Infected_24h_Linezolid,G5_Infected_24h_Untreated
3978,1419647_a_at,-0.0210042736700395,7.996078,9.330876,-1.334798,-3.70634416152628,0.00622358347089029,0.625503394433033,0.04,0.96,2.71511858148601,G6_vs_G5_efeito_linezolida,G6_Infected_24h_Linezolid,G5_Infected_24h_Untreated
18502,1434196_at,0.0195028868141791,9.857924,8.68941,1.168514,4.74673464219395,0.00453058937011492,0.625503394433033,1,1,2.71430955359609,G6_vs_G5_efeito_linezolida,G6_Infected_24h_Linezolid,G5_Infected_24h_Untreated
34124,1449829_at,-0.0289752783282083,5.934206,7.101908,-1.167702,-3.74757115800473,0.00759928896811581,0.625503394433033,0.08,0.92,2.70899211392033,G6_vs_G5_efeito_linezolida,G6_Infected_24h_Linezolid,G5_Infected_24h_Untreated
640,1416309_at,0.0189168885557234,11.37748,10.197436,1.180044,5.12408821206702,0.00591095797404641,0.625503394433033,1,1,2.70862350659554,G6_vs_G5_efeito_linezolida,G6_Infected_24h_Linezolid,G5_Infected_24h_Untreated
21366,1437060_at,-0.0341662581648361,9.108234,10.38695,-1.278716,-2.51077805085563,0.0398071680855355,0.639191745803548,0.12,0.88,2.70532104917742,G6_vs_G5_efeito_linezolida,G6_Infected_24h_Linezolid,G5_Infected_24h_Untreated
35207,1450912_at,0.0324984690521621,7.752322,6.489126,1.263196,2.47130872558381,0.0550958357650045,0.654212056288867,0.92,0.92,2.70328018171441,G6_vs_G5_efeito_linezolida,G6_Infected_24h_Linezolid,G5_Infected_24h_Untreated
5568,1421262_at,-0.0311659421834809,10.10208,11.41162,-1.30954,-2.35635356858201,0.0495045483967782,0.65293727442261,0.08,0.92,2.70131556057965,G6_vs_G5_efeito_linezolida,G6_Infected_24h_Linezolid,G5_Infected_24h_Untreated
13833,1429527_a_at,-0.0231527009239496,6.86555,8.052866,-1.187316,-3.2027668529051,0.0125705993223432,0.625503394433033,0.04,0.96,2.70037630105154,G6_vs_G5_efeito_linezolida,G6_Infected_24h_Linezolid,G5_Infected_24h_Untreated
18049,1433743_at,-0.0300814684678321,3.502926,4.636972,-1.134046,-2.77633227268206,0.0333841045748239,0.632631491067644,0.08,0.92,2.69155097537167,G6_vs_G5_efeito_linezolida,G6_Infected_24h_Linezolid,G5_Infected_24h_Untreated
34431,1450136_at,-0.0217234140422003,7.119664,8.113042,-0.993378,-4.46648086743821,0.0028530978294266,0.625503394433033,0,1,2.69139235733722,G6_vs_G5_efeito_linezolida,G6_Infected_24h_Linezolid,G5_Infected_24h_Untreated
38234,1453939_x_at,0.0204303995165416,8.68231,7.394738,1.287572,2.99517863642915,0.0174941755189438,0.625503394433033,0.96,0.96,2.68975575817038,G6_vs_G5_efeito_linezolida,G6_Infected_24h_Linezolid,G5_Infected_24h_Untreated
44908,1460616_at,-0.0210323895324494,5.330676,6.330644,-0.999968,-3.988964485668,0.00781829633783407,0.625503394433033,0,1,2.68231717357736,G6_vs_G5_efeito_linezolida,G6_Infected_24h_Linezolid,G5_Infected_24h_Untreated
3261,1418930_at,-0.0421888710435149,6.246998,8.47693,-2.229932,-2.28314551057851,0.0643081078224709,0.477838727911089,0.12,0.88,3.49085642717617,G7_vs_G5_efeito_vancomicina,G7_Infected_24h_Vancomycin,G5_Infected_24h_Untreated
11687,1427381_at,-0.0348263618412174,7.858224,10.01102,-2.152796,-2.6336283635636,0.0318048753300329,0.452339798067067,0.16,0.84,3.30279885712901,G7_vs_G5_efeito_vancomicina,G7_Infected_24h_Vancomycin,G5_Infected_24h_Untreated
36644,1452349_x_at,-0.0386156764724631,4.483318,5.89508,-1.411762,-3.04951007962917,0.0279287297351142,0.448834175024012,0.04,0.96,3.29310065146395,G7_vs_G5_efeito_vancomicina,G7_Infected_24h_Vancomycin,G5_Infected_24h_Untreated
21532,1437226_x_at,-0.023757910577365,9.328122,11.02641,-1.698288,-2.93062059998993,0.0227206228826593,0.448834175024012,0.04,0.96,3.13561953554512,G7_vs_G5_efeito_vancomicina,G7_Infected_24h_Vancomycin,G5_Infected_24h_Untreated
20212,1435906_x_at,-0.0377355772893475,9.852474,11.84283,-1.990356,-1.96317640758367,0.0857493781675595,0.49190825549925,0.2,0.8,3.101593969871,G7_vs_G5_efeito_vancomicina,G7_Infected_24h_Vancomycin,G5_Infected_24h_Untreated
10120,1425814_a_at,0.0287014394926829,8.965184,7.578254,1.38693,2.85920131594187,0.0295678965509806,0.452339798067067,0.96,0.96,3.08146030225651,G7_vs_G5_efeito_vancomicina,G7_Infected_24h_Vancomycin,G5_Infected_24h_Untreated
1631,1417300_at,-0.0350779632639165,8.213348,9.782068,-1.56872,-2.24384466065492,0.0671953081935539,0.478702948992368,0.12,0.88,3.05522338605366,G7_vs_G5_efeito_vancomicina,G7_Infected_24h_Vancomycin,G5_Infected_24h_Untreated
13,1415682_at,0.0236522215229332,10.66454,9.357966,1.306574,4.68299794711078,0.00603550430939393,0.447667132791116,1,1,3.04116236433657,G7_vs_G5_efeito_vancomicina,G7_Infected_24h_Vancomycin,G5_Infected_24h_Untreated
12885,1428579_at,-0.0237770919001936,6.485424,7.91068,-1.425256,-3.31981694257875,0.0156295504607661,0.447667132791116,0.04,0.96,3.01678832616917,G7_vs_G5_efeito_vancomicina,G7_Infected_24h_Vancomycin,G5_Infected_24h_Untreated
44574,1460282_at,-0.0188796906086155,7.038182,8.661288,-1.623106,-3.42199398804316,0.018338142804787,0.447667132791116,0.04,0.96,3.01125145232018,G7_vs_G5_efeito_vancomicina,G7_Infected_24h_Vancomycin,G5_Infected_24h_Untreated
2571,1418240_at,-0.0339460184036889,9.616222,11.553196,-1.936974,-1.97935496974817,0.083759854791097,0.48984092465421,0.2,0.8,3.00995684953049,G7_vs_G5_efeito_vancomicina,G7_Infected_24h_Vancomycin,G5_Infected_24h_Untreated
4045,1419714_at,-0.0222413720729072,8.3311,9.509614,-1.178514,-3.57358378814882,0.00728468634277685,0.447667132791116,0,1,2.95657917245374,G7_vs_G5_efeito_vancomicina,G7_Infected_24h_Vancomycin,G5_Infected_24h_Untreated
5584,1421278_s_at,0.0204451801673633,12.08226,10.92172,1.16054,4.16737911163051,0.0120379031300839,0.447667132791116,1,1,2.91394684717138,G7_vs_G5_efeito_vancomicina,G7_Infected_24h_Vancomycin,G5_Infected_24h_Untreated
22403,1438097_at,-0.0186881757718601,5.559312,6.727374,-1.168062,-4.65090644376784,0.00380976516695408,0.447667132791116,0,1,2.88350237190601,G7_vs_G5_efeito_vancomicina,G7_Infected_24h_Vancomycin,G5_Infected_24h_Untreated
253,1415922_s_at,-0.0199944803085273,8.977908,10.468042,-1.490134,-2.69367948801875,0.0368254521737684,0.454235712996552,0.08,0.92,2.87495099929254,G7_vs_G5_efeito_vancomicina,G7_Infected_24h_Vancomycin,G5_Infected_24h_Untreated
17734,1433428_x_at,-0.0258003349521921,8.697738,9.951146,-1.253408,-2.66095085829489,0.0435586944421814,0.458182215622557,0.08,0.92,2.86977442295391,G7_vs_G5_efeito_vancomicina,G7_Infected_24h_Vancomycin,G5_Infected_24h_Untreated
5716,1421410_a_at,-0.0216746631929493,6.19531,7.184706,-0.989396,-3.56772083665751,0.00732646546388901,0.447667132791116,0,1,2.86086220394232,G7_vs_G5_efeito_vancomicina,G7_Infected_24h_Vancomycin,G5_Infected_24h_Untreated
40195,1455900_x_at,-0.0251448064670352,8.158148,9.451712,-1.293564,-2.62428421816521,0.0485298056690633,0.463831095572585,0.08,0.92,2.85991673370688,G7_vs_G5_efeito_vancomicina,G7_Infected_24h_Vancomycin,G5_Infected_24h_Untreated
18968,1434662_at,0.0189371312689354,11.0575,9.812706,1.244794,3.45221981702963,0.0153447684885289,0.447667132791116,0.96,0.96,2.84270431023487,G7_vs_G5_efeito_vancomicina,G7_Infected_24h_Vancomycin,G5_Infected_24h_Untreated
39615,1455320_at,-0.0221871646317487,7.045456,8.133826,-1.08837,-3.58416642891077,0.00874840869242479,0.447667132791116,0.04,0.96,2.83511105389257,G7_vs_G5_efeito_vancomicina,G7_Infected_24h_Vancomycin,G5_Infected_24h_Untreated
1521,1417190_at,-0.0227967862980934,7.9156,9.227584,-1.311984,-2.3970261246598,0.0450866245961529,0.460889592633152,0.08,0.92,2.83090077246541,G7_vs_G5_efeito_vancomicina,G7_Infected_24h_Vancomycin,G5_Infected_24h_Untreated
1668,1417337_at,0.0182065068392851,9.129226,7.873456,1.25577,3.39983926760079,0.0235216549309781,0.448834175024012,0.96,0.96,2.83032400306987,G7_vs_G5_efeito_vancomicina,G7_Infected_24h_Vancomycin,G5_Infected_24h_Untreated
1669,1417338_at,0.0188353502379114,9.361406,7.965734,1.395672,3.48784672413637,0.0160726278205807,0.447667132791116,0.92,0.92,2.8284060176729,G7_vs_G5_efeito_vancomicina,G7_Infected_24h_Vancomycin,G5_Infected_24h_Untreated
21583,1437277_x_at,-0.0241819711919061,8.93855,10.131334,-1.192784,-2.65958297233894,0.0427688965115059,0.458182215622557,0.08,0.92,2.81143857274571,G7_vs_G5_efeito_vancomicina,G7_Infected_24h_Vancomycin,G5_Infected_24h_Untreated
19721,1435415_x_at,-0.0186665630736958,6.756114,8.133834,-1.37772,-2.72685242330609,0.0310030244232288,0.452339798067067,0.08,0.92,2.80418526265875,G7_vs_G5_efeito_vancomicina,G7_Infected_24h_Vancomycin,G5_Infected_24h_Untreated
10257,1425951_a_at,-0.0227671459720427,6.753392,7.58829,-0.834898000000001,-2.60614902715919,0.0319589949803059,0.452339798067067,0,1,2.79968397465609,G7_vs_G5_efeito_vancomicina,G7_Infected_24h_Vancomycin,G5_Infected_24h_Untreated
4637,1420331_at,-0.0154117305602708,7.717914,8.840404,-1.12249,-3.181616437106,0.0277251548330845,0.448834175024012,0,1,2.79676298661188,G7_vs_G5_efeito_vancomicina,G7_Infected_24h_Vancomycin,G5_Infected_24h_Untreated
36266,1451971_at,0.016988000503943,9.006824,7.95937,1.047454,4.09355592759354,0.0105040424190516,0.447667132791116,1,1,2.79669224670519,G7_vs_G5_efeito_vancomicina,G7_Infected_24h_Vancomycin,G5_Infected_24h_Untreated
3978,1419647_a_at,-0.0192402611915077,8.21884,9.330876,-1.112036,-3.95834593269121,0.00563184274196562,0.447667132791116,0.04,0.96,2.78900388879636,G7_vs_G5_efeito_vancomicina,G7_Infected_24h_Vancomycin,G5_Infected_24h_Untreated
2943,1418612_at,-0.0179871655836626,9.723848,10.70874,-0.984892000000002,-2.92917167951149,0.0312710392231093,0.452339798067067,0,1,2.77494628324088,G7_vs_G5_efeito_vancomicina,G7_Infected_24h_Vancomycin,G5_Infected_24h_Untreated
8269,1423963_at,0.0166605952698061,11.15274,9.996288,1.156452,3.90903298321168,0.0149649953064883,0.447667132791116,0.96,0.96,2.75927034179571,G7_vs_G5_efeito_vancomicina,G7_Infected_24h_Vancomycin,G5_Infected_24h_Untreated
19593,1435287_at,0.0159108943041313,8.673584,7.490094,1.18349,3.50691222340015,0.0182520205028849,0.447667132791116,0.96,0.96,2.75696567849626,G7_vs_G5_efeito_vancomicina,G7_Infected_24h_Vancomycin,G5_Infected_24h_Untreated
23717,1439411_a_at,0.0173191683528,12.21886,11.2805,0.938359999999999,4.00496048930349,0.0127373947048045,0.447667132791116,1,1,2.7541435211308,G7_vs_G5_efeito_vancomicina,G7_Infected_24h_Vancomycin,G5_Infected_24h_Untreated
34741,1450446_a_at,-0.0230224662595326,7.569486,8.64267,-1.073184,-2.66913792676822,0.0358082107385761,0.454235712996552,0.08,0.92,2.74625192322229,G7_vs_G5_efeito_vancomicina,G7_Infected_24h_Vancomycin,G5_Infected_24h_Untreated
3642,1419311_at,0.020415222283947,11.86032,10.8992,0.961119999999999,3.57575416581606,0.00728373250301478,0.447667132791116,0.96,0.96,2.74394101990953,G7_vs_G5_efeito_vancomicina,G7_Infected_24h_Vancomycin,G5_Infected_24h_Untreated
4648,1420342_at,-0.0213062292441944,6.924496,8.043846,-1.11935,-2.70409968382369,0.0339540404805614,0.452339798067067,0.08,0.92,2.73912671605379,G7_vs_G5_efeito_vancomicina,G7_Infected_24h_Vancomycin,G5_Infected_24h_Untreated
22982,1438676_at,-0.0295370929898501,6.502012,7.773312,-1.2713,-2.16336576746235,0.0631960648336345,0.477268653133921,0.16,0.84,2.73893339289711,G7_vs_G5_efeito_vancomicina,G7_Infected_24h_Vancomycin,G5_Infected_24h_Untreated
18005,1433699_at,-0.0179862854134931,8.53293,9.410664,-0.877734000000002,-2.95554165216525,0.0206148251035028,0.448187465550203,0,1,2.73835068223139,G7_vs_G5_efeito_vancomicina,G7_Infected_24h_Vancomycin,G5_Infected_24h_Untreated
32080,1447774_x_at,0.0162421537012493,11.12414,10.15044,0.973699999999999,3.06957321179219,0.032492898155566,0.452339798067067,1,1,2.73634040283588,G7_vs_G5_efeito_vancomicina,G7_Infected_24h_Vancomycin,G5_Infected_24h_Untreated
32981,1448681_at,-0.0171285571025411,6.902764,7.79777,-0.895006,-3.63236123713236,0.0170410302443509,0.447667132791116,0,1,2.731032805318,G7_vs_G5_efeito_vancomicina,G7_Infected_24h_Vancomycin,G5_Infected_24h_Untreated
18753,1434447_at,-0.0177186065744678,4.69759,5.549444,-0.851854,-4.1282801849028,0.0068670258336796,0.447667132791116,0,1,2.72303833115137,G7_vs_G5_efeito_vancomicina,G7_Infected_24h_Vancomycin,G5_Infected_24h_Untreated
19933,1435627_x_at,-0.0146109121169256,7.338768,8.731552,-1.392784,-2.54430544940563,0.0436512773106155,0.458182215622557,0.08,0.92,2.71691030026455,G7_vs_G5_efeito_vancomicina,G7_Infected_24h_Vancomycin,G5_Infected_24h_Untreated
712,1416381_a_at,-0.0165928485971982,11.17932,12.0573,-0.877980000000003,-3.29968668241398,0.0132197276846156,0.447667132791116,0,1,2.71308658110171,G7_vs_G5_efeito_vancomicina,G7_Infected_24h_Vancomycin,G5_Infected_24h_Untreated
5583,1421277_at,0.0150512936683001,11.98966,11.04686,0.942799999999998,4.31303678193463,0.00894239244217922,0.447667132791116,1,1,2.71248403078677,G7_vs_G5_efeito_vancomicina,G7_Infected_24h_Vancomycin,G5_Infected_24h_Untreated
3958,1419627_s_at,-0.0213142934550004,7.341112,8.002344,-0.661231999999999,-3.11047863202266,0.019013874914102,0.448187465550203,0,1,2.70531645865308,G7_vs_G5_efeito_vancomicina,G7_Infected_24h_Vancomycin,G5_Infected_24h_Untreated
640,1416309_at,0.0162743484399777,11.21482,10.197436,1.017384,3.94953003963688,0.00724922351519502,0.447667132791116,0.96,0.96,2.68947154212791,G7_vs_G5_efeito_vancomicina,G7_Infected_24h_Vancomycin,G5_Infected_24h_Untreated
12042,1427736_a_at,-0.0143492141682666,7.407394,8.507948,-1.100554,-3.10468441550162,0.0243840537690098,0.448834175024012,0.04,0.96,2.68647523033847,G7_vs_G5_efeito_vancomicina,G7_Infected_24h_Vancomycin,G5_Infected_24h_Untreated
3686,1419355_at,-0.0184191852068106,7.727148,8.431934,-0.704786,-4.5958561849803,0.00193629556971776,0.447667132791116,0,1,2.67057047625315,G7_vs_G5_efeito_vancomicina,G7_Infected_24h_Vancomycin,G5_Infected_24h_Untreated
9949,1425643_at,0.0180445703083594,11.79394,10.53364,1.2603,3.07133182525102,0.02383479433673,0.448834175024012,0.88,0.88,2.66923861589705,G7_vs_G5_efeito_vancomicina,G7_Infected_24h_Vancomycin,G5_Infected_24h_Untreated
28715,1444409_at,0.016188356654508,8.929,8.132956,0.796043999999998,4.35685639493727,0.00362096214221432,0.447667132791116,1,1,2.66855726130551,G7_vs_G5_efeito_vancomicina,G7_Infected_24h_Vancomycin,G5_Infected_24h_Untreated
4040,1419709_at,-0.0808176309338211,8.172344,10.406252,-2.233908,-4.04649977087843,0.00565087818328903,0.762985123683336,0.04,0.96,3.87209896790516,G6_vs_G7_linezolida_vs_vancomicina,G6_Infected_24h_Linezolid,G7_Infected_24h_Vancomycin
3261,1418930_at,0.0582617316821904,8.513486,6.246998,2.266488,4.41151124575358,0.00304026559781084,0.762985123683336,1,1,3.68688829134907,G6_vs_G7_linezolida_vs_vancomicina,G6_Infected_24h_Linezolid,G7_Infected_24h_Vancomycin
34304,1450009_at,-0.0792843216532785,9.493216,11.61124,-2.118024,-2.85961539238918,0.0317782047780503,0.762985123683336,0.12,0.88,3.64373631159733,G6_vs_G7_linezolida_vs_vancomicina,G6_Infected_24h_Linezolid,G7_Infected_24h_Vancomycin
4022,1419691_at,-0.0607490257194774,8.763964,10.791234,-2.02727,-3.05170060389204,0.0160798958139513,0.762985123683336,0.08,0.92,3.45570933845145,G6_vs_G7_linezolida_vs_vancomicina,G6_Infected_24h_Linezolid,G7_Infected_24h_Vancomycin
33325,1449025_at,0.0523622056879244,9.296098,7.42178,1.874318,4.62471146786235,0.0045047419982107,0.762985123683336,1,1,3.44674595298682,G6_vs_G7_linezolida_vs_vancomicina,G6_Infected_24h_Linezolid,G7_Infected_24h_Vancomycin
33734,1449434_at,0.0557533956595867,6.429672,4.850562,1.57911,3.06406897575962,0.033571602863615,0.762985123683336,1,1,3.36288825114092,G6_vs_G7_linezolida_vs_vancomicina,G6_Infected_24h_Linezolid,G7_Infected_24h_Vancomycin
20212,1435906_x_at,0.0473583394514379,12.04682,9.852474,2.194346,2.8235124910031,0.0427050443266277,0.762985123683336,0.92,0.92,3.36122751093673,G6_vs_G7_linezolida_vs_vancomicina,G6_Infected_24h_Linezolid,G7_Infected_24h_Vancomycin
2571,1418240_at,0.0427280860034595,11.62412,9.616222,2.007898,2.67343508384829,0.0512715635987213,0.762985123683336,0.96,0.96,3.30447004556201,G6_vs_G7_linezolida_vs_vancomicina,G6_Infected_24h_Linezolid,G7_Infected_24h_Vancomycin
22982,1438676_at,0.0431433622193692,8.270362,6.502012,1.76835,3.91642008771043,0.0155511555844687,0.762985123683336,1,1,3.28751224353565,G6_vs_G7_linezolida_vs_vancomicina,G6_Infected_24h_Linezolid,G7_Infected_24h_Vancomycin
11687,1427381_at,0.0406494408356683,9.882294,7.858224,2.02407,2.71324444827812,0.0332360648720409,0.762985123683336,0.92,0.92,3.20564240587719,G6_vs_G7_linezolida_vs_vancomicina,G6_Infected_24h_Linezolid,G7_Infected_24h_Vancomycin
20067,1435761_at,-0.0503491308944054,8.907552,10.442798,-1.535246,-3.67843153439886,0.00631300095980322,0.762985123683336,0.04,0.96,3.19732334948,G6_vs_G7_linezolida_vs_vancomicina,G6_Infected_24h_Linezolid,G7_Infected_24h_Vancomycin
4855,1420549_at,0.0389059607926029,11.35378,9.40946,1.94432,2.5732005311725,0.0587050218533767,0.762985123683336,0.92,0.92,3.15007963650494,G6_vs_G7_linezolida_vs_vancomicina,G6_Infected_24h_Linezolid,G7_Infected_24h_Vancomycin
2983,1418652_at,0.0364197046678303,6.545392,4.982836,1.562556,4.19770187774019,0.0032052985004083,0.762985123683336,1,1,3.11660661568344,G6_vs_G7_linezolida_vs_vancomicina,G6_Infected_24h_Linezolid,G7_Infected_24h_Vancomycin
37491,1453196_a_at,0.0321232375553014,10.517,8.88627,1.63073,2.65108204635126,0.0520420897232379,0.762985123683336,1,1,3.09250010447298,G6_vs_G7_linezolida_vs_vancomicina,G6_Infected_24h_Linezolid,G7_Infected_24h_Vancomycin
1516,1417185_at,0.0380000420598826,10.3036,8.860714,1.442886,4.25187112205175,0.0121128796363289,0.762985123683336,1,1,3.08515719367222,G6_vs_G7_linezolida_vs_vancomicina,G6_Infected_24h_Linezolid,G7_Infected_24h_Vancomycin
3374,1419043_a_at,0.0302091317607298,9.855666,8.071004,1.784662,3.0699490599766,0.0161952813674596,0.762985123683336,0.96,0.96,3.0544222193912,G6_vs_G7_linezolida_vs_vancomicina,G6_Infected_24h_Linezolid,G7_Infected_24h_Vancomycin
44490,1460197_a_at,0.0326519571664569,8.700398,7.197216,1.503182,3.11440809840747,0.0149899209066067,0.762985123683336,1,1,3.04468081185028,G6_vs_G7_linezolida_vs_vancomicina,G6_Infected_24h_Linezolid,G7_Infected_24h_Vancomycin
34779,1450484_a_at,0.036627550902608,9.554948,8.21897,1.335978,3.75137789385019,0.0098799120481151,0.762985123683336,1,1,3.02261003162295,G6_vs_G7_linezolida_vs_vancomicina,G6_Infected_24h_Linezolid,G7_Infected_24h_Vancomycin
22343,1438037_at,0.0350051542904346,8.910142,7.407404,1.502738,3.26862080944659,0.0234939886011679,0.762985123683336,0.96,0.96,2.99360896355985,G6_vs_G7_linezolida_vs_vancomicina,G6_Infected_24h_Linezolid,G7_Infected_24h_Vancomycin
3053,1418722_at,-0.0471594787803577,12.32206,13.6296,-1.30754,-2.92415795634186,0.0248931408880585,0.762985123683336,0.08,0.92,2.98080691525453,G6_vs_G7_linezolida_vs_vancomicina,G6_Infected_24h_Linezolid,G7_Infected_24h_Vancomycin
36200,1451905_a_at,0.0392627778206635,6.6352,5.38251,1.25269,3.6215370858583,0.0112993735598059,0.762985123683336,0.96,0.96,2.93971947312389,G6_vs_G7_linezolida_vs_vancomicina,G6_Infected_24h_Linezolid,G7_Infected_24h_Vancomycin
8645,1424339_at,0.033669864275577,8.910928,7.714576,1.196352,4.41747023496884,0.00261655986540947,0.762985123683336,1,1,2.92650385288553,G6_vs_G7_linezolida_vs_vancomicina,G6_Infected_24h_Linezolid,G7_Infected_24h_Vancomycin
19835,1435529_at,0.0331390904438294,8.86445,7.715278,1.149172,4.1031756554964,0.00666033509266193,0.762985123683336,1,1,2.89982801014529,G6_vs_G7_linezolida_vs_vancomicina,G6_Infected_24h_Linezolid,G7_Infected_24h_Vancomycin
2522,1418191_at,0.0324350466745379,10.12189,8.78265,1.33924,3.17608185745975,0.0225173862788103,0.762985123683336,0.96,0.96,2.89212417608423,G6_vs_G7_linezolida_vs_vancomicina,G6_Infected_24h_Linezolid,G7_Infected_24h_Vancomycin
4859,1420553_x_at,0.041670461029666,7.355648,5.00935,2.346298,1.33264553834051,0.219991258759463,0.799550428507675,0.76,0.76,2.86255618934466,G6_vs_G7_linezolida_vs_vancomicina,G6_Infected_24h_Linezolid,G7_Infected_24h_Vancomycin
3373,1419042_at,0.0270998864783434,8.462174,6.869224,1.59295,3.04877364600519,0.0159353333344174,0.762985123683336,0.92,0.92,2.8542414779845,G6_vs_G7_linezolida_vs_vancomicina,G6_Infected_24h_Linezolid,G7_Infected_24h_Vancomycin
1623,1417292_at,0.0300090532899667,11.27418,9.978744,1.295436,2.9828016312681,0.0346884545877421,0.762985123683336,0.96,0.96,2.84343661607397,G6_vs_G7_linezolida_vs_vancomicina,G6_Infected_24h_Linezolid,G7_Infected_24h_Vancomycin
23174,1438868_at,0.0324532173188486,8.715642,7.331114,1.384528,3.10088474315137,0.0258295229826981,0.762985123683336,0.92,0.92,2.83165092379678,G6_vs_G7_linezolida_vs_vancomicina,G6_Infected_24h_Linezolid,G7_Infected_24h_Vancomycin
35078,1450783_at,0.0291822217596997,10.92928,9.866776,1.062504,4.13097917403319,0.00720524248468542,0.762985123683336,1,1,2.81392930383414,G6_vs_G7_linezolida_vs_vancomicina,G6_Infected_24h_Linezolid,G7_Infected_24h_Vancomycin
7861,1423555_a_at,0.0319391605205021,9.437704,7.89545,1.542254,2.31734099129524,0.0771481663913825,0.762985123683336,0.88,0.88,2.81251362215562,G6_vs_G7_linezolida_vs_vancomicina,G6_Infected_24h_Linezolid,G7_Infected_24h_Vancomycin
32233,1447927_at,0.0270970483325142,8.320658,7.018554,1.302104,3.28305909688025,0.0185238014022952,0.762985123683336,0.96,0.96,2.81024672325835,G6_vs_G7_linezolida_vs_vancomicina,G6_Infected_24h_Linezolid,G7_Infected_24h_Vancomycin
39795,1455500_at,0.0267481631746348,10.64032,9.538792,1.101528,3.09943349954845,0.0320630673553412,0.762985123683336,1,1,2.80044354749284,G6_vs_G7_linezolida_vs_vancomicina,G6_Infected_24h_Linezolid,G7_Infected_24h_Vancomycin
9757,1425451_s_at,-0.0334849616914315,10.28438,11.50314,-1.21876,-2.83648877378593,0.0230404478587028,0.762985123683336,0.08,0.92,2.77376632494379,G6_vs_G7_linezolida_vs_vancomicina,G6_Infected_24h_Linezolid,G7_Infected_24h_Vancomycin
34719,1450424_a_at,0.0256217909802307,9.07056,7.81379,1.25677,3.29911326544581,0.0161464253061619,0.762985123683336,0.96,0.96,2.77267104492721,G6_vs_G7_linezolida_vs_vancomicina,G6_Infected_24h_Linezolid,G7_Infected_24h_Vancomycin
2911,1418580_at,0.0243834178747276,11.20156,9.911824,1.289736,2.3116450086838,0.0782315850850486,0.762985123683336,0.96,0.96,2.77139821253639,G6_vs_G7_linezolida_vs_vancomicina,G6_Infected_24h_Linezolid,G7_Infected_24h_Vancomycin
6161,1421855_at,0.030115694603711,9.47667,8.169942,1.306728,2.83984541311114,0.0323474734297818,0.762985123683336,0.92,0.92,2.76956883897553,G6_vs_G7_linezolida_vs_vancomicina,G6_Infected_24h_Linezolid,G7_Infected_24h_Vancomycin
2624,1418293_at,0.0324982087030762,10.142666,9.285056,0.857610000000001,6.02559560175754,0.000393615373990781,0.762985123683336,1,1,2.76763323363003,G6_vs_G7_linezolida_vs_vancomicina,G6_Infected_24h_Linezolid,G7_Infected_24h_Vancomycin
3156,1418825_at,0.0263689541661859,10.21969,9.004966,1.214724,2.55287825082911,0.0575191686750459,0.762985123683336,0.96,0.96,2.76399594072981,G6_vs_G7_linezolida_vs_vancomicina,G6_Infected_24h_Linezolid,G7_Infected_24h_Vancomycin
5005,1420699_at,0.0364769183488056,9.660692,8.374934,1.285758,2.54745203476294,0.0349300041808657,0.762985123683336,0.88,0.88,2.75934222418637,G6_vs_G7_linezolida_vs_vancomicina,G6_Infected_24h_Linezolid,G7_Infected_24h_Vancomycin
11080,1426774_at,0.0234946765379079,9.488306,8.22546,1.262846,2.48922084937149,0.0626172278705165,0.762985123683336,0.96,0.96,2.74894071618455,G6_vs_G7_linezolida_vs_vancomicina,G6_Infected_24h_Linezolid,G7_Infected_24h_Vancomycin
26645,1442339_at,-0.0317782182517297,10.37509,11.3888,-1.01371,-3.46980127616997,0.00884601687310881,0.762985123683336,0.04,0.96,2.74525479585727,G6_vs_G7_linezolida_vs_vancomicina,G6_Infected_24h_Linezolid,G7_Infected_24h_Vancomycin
11489,1427183_at,0.0360729946431202,5.031168,3.96295,1.068218,2.18818944599216,0.0920573886089947,0.762985123683336,0.92,0.92,2.74162790727193,G6_vs_G7_linezolida_vs_vancomicina,G6_Infected_24h_Linezolid,G7_Infected_24h_Vancomycin
649,1416318_at,-0.0350950975573632,8.709512,9.801612,-1.0921,-2.7607894166516,0.0255896591237319,0.762985123683336,0.08,0.92,2.73970645188054,G6_vs_G7_linezolida_vs_vancomicina,G6_Infected_24h_Linezolid,G7_Infected_24h_Vancomycin
11158,1426852_x_at,-0.0298477378010013,3.645772,4.881546,-1.235774,-2.39155183705523,0.0620800556586226,0.762985123683336,0.08,0.92,2.73601240768968,G6_vs_G7_linezolida_vs_vancomicina,G6_Infected_24h_Linezolid,G7_Infected_24h_Vancomycin
10223,1425917_at,0.0329788087504779,9.528318,8.01671,1.511608,2.34830823824943,0.0747863493980543,0.762985123683336,0.84,0.84,2.73231631627276,G6_vs_G7_linezolida_vs_vancomicina,G6_Infected_24h_Linezolid,G7_Infected_24h_Vancomycin
36473,1452178_at,0.0250568928342916,8.82786,7.83907,0.988790000000002,3.79100383393539,0.0077639798526412,0.762985123683336,1,1,2.73146718998739,G6_vs_G7_linezolida_vs_vancomicina,G6_Infected_24h_Linezolid,G7_Infected_24h_Vancomycin
5902,1421596_s_at,0.0301749657929542,9.256406,7.703556,1.55285,2.13811769860417,0.0948887635316897,0.762985123683336,0.84,0.84,2.71520033681609,G6_vs_G7_linezolida_vs_vancomicina,G6_Infected_24h_Linezolid,G7_Infected_24h_Vancomycin
4095,1419764_at,-0.0308589702109787,10.78536,11.90626,-1.1209,-2.85008231417806,0.022663969395752,0.762985123683336,0.08,0.92,2.69956521349854,G6_vs_G7_linezolida_vs_vancomicina,G6_Infected_24h_Linezolid,G7_Infected_24h_Vancomycin
10584,1426278_at,0.0273906046873254,11.1158,9.910212,1.205588,2.50707793014706,0.062410512687254,0.762985123683336,0.92,0.92,2.69274358067255,G6_vs_G7_linezolida_vs_vancomicina,G6_Infected_24h_Linezolid,G7_Infected_24h_Vancomycin
28004,1443698_at,0.0242987672358106,10.2971,9.199522,1.097578,2.84612447536543,0.0418070014378211,0.762985123683336,0.96,0.96,2.68845233660769,G6_vs_G7_linezolida_vs_vancomicina,G6_Infected_24h_Linezolid,G7_Infected_24h_Vancomycin
32980,1448680_at,-0.0748075656706212,3.892218,7.342518,-3.4503,-2.32831298529836,0.0802201143448443,0.761344729899348,0,1,3.45780186996587,G2_vs_G1_linezolida_sem_infeccao,G2_Control_Linezolid,G1_Control_T0
4771,1420465_s_at,-0.0773457564755237,4.955348,8.64912,-3.693772,-2.1554058206916,0.0966114862218852,0.773750596141361,0.24,0.76,3.04354202114326,G2_vs_G1_linezolida_sem_infeccao,G2_Control_Linezolid,G1_Control_T0
38903,1454608_x_at,-0.061387588740237,4.215124,7.268846,-3.053722,-2.12225468481173,0.100849793952877,0.775572220475679,0.08,0.92,2.97914146636116,G2_vs_G1_linezolida_sem_infeccao,G2_Control_Linezolid,G1_Control_T0
40208,1455913_x_at,-0.0626667059613676,2.988798,6.13443,-3.145632,-2.05824457504239,0.108037585946795,0.780072640617677,0.12,0.88,2.92875215713198,G2_vs_G1_linezolida_sem_infeccao,G2_Control_Linezolid,G1_Control_T0
1133,1416802_a_at,0.0509832950737166,6.302656,5.092342,1.210314,3.3958873586143,0.0193633980062894,0.652433018814586,0.96,0.96,2.7784493730127,G2_vs_G1_linezolida_sem_infeccao,G2_Control_Linezolid,G1_Control_T0
18743,1434437_x_at,0.0544266578335961,8.935776,7.662768,1.273008,3.13856702551222,0.0159578354539639,0.648398831407323,0.92,0.92,2.77260106134519,G2_vs_G1_linezolida_sem_infeccao,G2_Control_Linezolid,G1_Control_T0
32526,1448226_at,0.0548264373954296,6.988098,5.838152,1.149946,2.74004078674338,0.026727282993846,0.671160309245828,0.96,0.96,2.75403320525215,G2_vs_G1_linezolida_sem_infeccao,G2_Control_Linezolid,G1_Control_T0
1140,1416809_at,-0.0609659438233275,4.497704,7.560306,-3.062602,-2.02223435434997,0.112808338651953,0.783253219506075,0.2,0.8,2.71597961832785,G2_vs_G1_linezolida_sem_infeccao,G2_Control_Linezolid,G1_Control_T0
44032,1459737_s_at,-0.0496758754607445,4.895694,7.258368,-2.362674,-2.08091626363226,0.104945619972026,0.777456045722463,0.04,0.96,2.71568471199273,G2_vs_G1_linezolida_sem_infeccao,G2_Control_Linezolid,G1_Control_T0
33689,1449389_at,0.0345520974740892,9.692954,8.788012,0.904942000000002,5.55653670858802,0.00204985656631839,0.612661389706702,1,1,2.69171292397735,G2_vs_G1_linezolida_sem_infeccao,G2_Control_Linezolid,G1_Control_T0
28138,1443832_s_at,0.0284474405542287,9.635208,8.739246,0.895962000000001,6.46021513639001,0.000355741899008409,0.612661389706702,1,1,2.61035481563101,G2_vs_G1_linezolida_sem_infeccao,G2_Control_Linezolid,G1_Control_T0
2257,1417926_at,0.0330129233059989,6.850896,6.028648,0.822248000000001,3.80429512409968,0.0115962610581198,0.631168036692549,1,1,2.58868433815214,G2_vs_G1_linezolida_sem_infeccao,G2_Control_Linezolid,G1_Control_T0
2460,1418129_at,0.0295536825004743,7.285004,6.56091,0.724094000000001,4.60245405169078,0.00185676277346631,0.612661389706702,1,1,2.57812826532343,G2_vs_G1_linezolida_sem_infeccao,G2_Control_Linezolid,G1_Control_T0
2240,1417909_at,-0.0398741913668434,4.480748,6.111088,-1.63034,-2.46781573630628,0.059823437377284,0.738422102810328,0,1,2.57583485373111,G2_vs_G1_linezolida_sem_infeccao,G2_Control_Linezolid,G1_Control_T0
1110,1416779_at,0.02636109611575,9.779842,8.951604,0.828237999999999,6.2821859447748,0.000241384360302718,0.612661389706702,1,1,2.56504586400113,G2_vs_G1_linezolida_sem_infeccao,G2_Control_Linezolid,G1_Control_T0
31406,1447100_s_at,0.0290104607305511,5.15478,4.466028,0.688752,3.7579054791565,0.00606318835782164,0.612661389706702,1,1,2.56153696459427,G2_vs_G1_linezolida_sem_infeccao,G2_Control_Linezolid,G1_Control_T0
22315,1438009_at,0.0437420485479892,11.0062,9.999456,1.006744,3.03779186106698,0.0194909172632825,0.652433018814586,0.92,0.92,2.54971575392562,G2_vs_G1_linezolida_sem_infeccao,G2_Control_Linezolid,G1_Control_T0
2229,1417898_a_at,0.031291698300612,10.181142,9.424034,0.757108000000001,3.59849401097177,0.0137851688083336,0.631300536098189,1,1,2.54836713633146,G2_vs_G1_linezolida_sem_infeccao,G2_Control_Linezolid,G1_Control_T0
33661,1449361_at,0.0283636016129331,7.775728,7.148886,0.626842000000001,4.33330474300014,0.00295332928742105,0.612661389706702,1,1,2.53641309112087,G2_vs_G1_linezolida_sem_infeccao,G2_Control_Linezolid,G1_Control_T0
3391,1419060_at,0.0269809145252437,8.394926,7.749166,0.645760000000002,4.30790367648155,0.00277545426745674,0.612661389706702,1,1,2.52365795084183,G2_vs_G1_linezolida_sem_infeccao,G2_Control_Linezolid,G1_Control_T0
9951,1425645_s_at,0.024198720720115,7.526248,6.780008,0.74624,5.67220394599465,0.00046920438978166,0.612661389706702,1,1,2.51488956715657,G2_vs_G1_linezolida_sem_infeccao,G2_Control_Linezolid,G1_Control_T0
29258,1444952_a_at,0.0247810093736036,9.25564,8.54012,0.715520000000001,5.05152472951332,0.00152187354165991,0.612661389706702,1,1,2.5141012639612,G2_vs_G1_linezolida_sem_infeccao,G2_Control_Linezolid,G1_Control_T0
6081,1421775_at,0.0261015819580156,5.43381,4.782858,0.650952000000001,4.0581127825651,0.00364297210299642,0.612661389706702,1,1,2.51369468661417,G2_vs_G1_linezolida_sem_infeccao,G2_Control_Linezolid,G1_Control_T0
25360,1441054_at,0.0494874866893835,6.847398,5.675666,1.171732,2.89575399262666,0.0282640776371932,0.678018759325675,0.88,0.88,2.51015278290424,G2_vs_G1_linezolida_sem_infeccao,G2_Control_Linezolid,G1_Control_T0
40200,1455905_at,0.0240001562127807,6.830612,6.201796,0.628816,7.79313363487063,6.29612610847596e-05,0.612661389706702,1,1,2.48053260449193,G2_vs_G1_linezolida_sem_infeccao,G2_Control_Linezolid,G1_Control_T0
35027,1450732_a_at,0.0235537082512705,8.648872,8.003864,0.645008000000001,5.63659697850522,0.000514376093415543,0.612661389706702,1,1,2.479144082458,G2_vs_G1_linezolida_sem_infeccao,G2_Control_Linezolid,G1_Control_T0
19612,1435306_a_at,0.023917251254429,4.585582,4.024224,0.561358000000001,4.84127700336106,0.00139809138129487,0.612661389706702,1,1,2.4611980955729,G2_vs_G1_linezolida_sem_infeccao,G2_Control_Linezolid,G1_Control_T0
18110,1433804_at,0.0214579037699322,7.977768,7.301628,0.676140000000001,4.01403909680105,0.00534976606566355,0.612661389706702,1,1,2.46047570840555,G2_vs_G1_linezolida_sem_infeccao,G2_Control_Linezolid,G1_Control_T0
44594,1460302_at,0.0205346302658159,9.32213,8.605714,0.716415999999999,4.55803775016176,0.00515770322362738,0.612661389706702,1,1,2.45944248252852,G2_vs_G1_linezolida_sem_infeccao,G2_Control_Linezolid,G1_Control_T0
7273,1422967_a_at,0.0377576717578147,6.382522,5.457928,0.924594000000001,2.99410887043062,0.0176186039727512,0.651916725710361,0.92,0.92,2.45171952308061,G2_vs_G1_linezolida_sem_infeccao,G2_Control_Linezolid,G1_Control_T0
168,1415837_at,0.025468377438829,5.856508,5.123364,0.733143999999999,3.75331941042805,0.00562774773331537,0.612661389706702,0.96,0.96,2.44775950660526,G2_vs_G1_linezolida_sem_infeccao,G2_Control_Linezolid,G1_Control_T0
6117,1421811_at,0.0194841432957022,10.43094,9.710868,0.720072,4.19365449454636,0.00766188926291412,0.612661389706702,1,1,2.44685053130818,G2_vs_G1_linezolida_sem_infeccao,G2_Control_Linezolid,G1_Control_T0
26306,1442000_at,0.0208319718280117,9.37273,8.729196,0.643534000000002,5.768115348428,0.000504055599817906,0.612661389706702,1,1,2.44355575573894,G2_vs_G1_linezolida_sem_infeccao,G2_Control_Linezolid,G1_Control_T0
1844,1417513_at,0.0218002184361358,10.69902,10.1163,0.582720000000002,10.3139233063402,0.00042602016454154,0.612661389706702,1,1,2.43961026806317,G2_vs_G1_linezolida_sem_infeccao,G2_Control_Linezolid,G1_Control_T0
28229,1443923_at,0.0209198028574714,7.633944,7.02153,0.612413999999999,3.69319018268134,0.0062606060039071,0.612661389706702,1,1,2.4362663292681,G2_vs_G1_linezolida_sem_infeccao,G2_Control_Linezolid,G1_Control_T0
7110,1422804_at,0.0219026381425502,6.727934,6.193074,0.534859999999999,5.82828197844769,0.000404064847827922,0.612661389706702,1,1,2.42797750560643,G2_vs_G1_linezolida_sem_infeccao,G2_Control_Linezolid,G1_Control_T0
3223,1418892_at,0.0196880177252137,10.3397,9.702882,0.636818,5.37441788523387,0.000721938715293635,0.612661389706702,1,1,2.42694740006057,G2_vs_G1_linezolida_sem_infeccao,G2_Control_Linezolid,G1_Control_T0
36661,1452366_at,0.0190696412362802,9.47963,8.829562,0.650067999999999,4.83797461484036,0.00134300213269731,0.612661389706702,1,1,2.42253954168214,G2_vs_G1_linezolida_sem_infeccao,G2_Control_Linezolid,G1_Control_T0
1109,1416778_at,0.0197340699874379,10.010908,9.401644,0.609264,4.82238081947451,0.00375116289891581,0.612661389706702,1,1,2.42008322553213,G2_vs_G1_linezolida_sem_infeccao,G2_Control_Linezolid,G1_Control_T0
31984,1447678_at,0.0202374971906152,8.679802,8.099598,0.580204,4.60715446642056,0.00177114537807556,0.612661389706702,1,1,2.41872472930474,G2_vs_G1_linezolida_sem_infeccao,G2_Control_Linezolid,G1_Control_T0
23346,1439040_at,0.0283007038139481,4.609406,3.953892,0.655514,3.61582416742849,0.0175957226957283,0.651916725710361,1,1,2.41660362723324,G2_vs_G1_linezolida_sem_infeccao,G2_Control_Linezolid,G1_Control_T0
21004,1436698_x_at,0.0206516949665053,4.10899,3.56066,0.54833,3.76791300874942,0.00702335388437499,0.612661389706702,1,1,2.41545076469456,G2_vs_G1_linezolida_sem_infeccao,G2_Control_Linezolid,G1_Control_T0
34378,1450083_at,0.0201040877963244,9.53423,8.960198,0.574031999999999,3.9173552687757,0.00492941522615616,0.612661389706702,1,1,2.4153289611979,G2_vs_G1_linezolida_sem_infeccao,G2_Control_Linezolid,G1_Control_T0
35808,1451513_x_at,-0.045402904169496,4.029518,6.531926,-2.502408,-1.88972533058837,0.131440575413678,0.794438674850213,0.16,0.84,2.41416467141406,G2_vs_G1_linezolida_sem_infeccao,G2_Control_Linezolid,G1_Control_T0
33043,1448743_at,0.0200766303658434,6.55148,5.992276,0.559204,5.38583387964586,0.000657399289517584,0.612661389706702,1,1,2.41095963996726,G2_vs_G1_linezolida_sem_infeccao,G2_Control_Linezolid,G1_Control_T0
32144,1447838_x_at,-0.0208125804829471,4.810524,5.331502,-0.520977999999999,-4.24520582940877,0.00283558892889208,0.612661389706702,0,1,2.41012595369508,G2_vs_G1_linezolida_sem_infeccao,G2_Control_Linezolid,G1_Control_T0
3484,1419153_at,0.0282269297426981,8.947402,8.308544,0.638857999999999,3.76168700980715,0.00882253523320195,0.627798678557349,0.96,0.96,2.40808281249134,G2_vs_G1_linezolida_sem_infeccao,G2_Control_Linezolid,G1_Control_T0
23372,1439066_at,0.0186110001977008,9.252892,8.638292,0.614600000000001,4.07331345210687,0.00356908835310852,0.612661389706702,1,1,2.4070076720917,G2_vs_G1_linezolida_sem_infeccao,G2_Control_Linezolid,G1_Control_T0
22467,1438161_s_at,0.0287527465523796,5.354638,4.73685,0.617788,3.04127779025934,0.0233001818656188,0.654334683886224,1,1,2.40467840821178,G2_vs_G1_linezolida_sem_infeccao,G2_Control_Linezolid,G1_Control_T0
14075,1429769_at,0.0246599598309105,5.91293,5.320064,0.592865999999999,3.55084468179848,0.0143136601677225,0.635710194031788,1,1,2.40395366677127,G2_vs_G1_linezolida_sem_infeccao,G2_Control_Linezolid,G1_Control_T0
35083,1450788_at,0.0680865940858262,6.069464,3.28966,2.779804,2.35815896610008,0.0758495259581648,0.694588994363879,0.92,0.92,3.64539682413362,G3_vs_G1_vancomicina_sem_infeccao,G3_Control_Vancomycin,G1_Control_T0
3406,1419075_s_at,0.0650407022658015,6.63466,4.01812,2.61654,2.42039280955925,0.0715126107511178,0.694588994363879,0.8,0.8,3.31063463174216,G3_vs_G1_vancomicina_sem_infeccao,G3_Control_Vancomycin,G1_Control_T0
6863,1422557_s_at,0.0418365072771151,8.131402,6.111508,2.019894,2.04423189177901,0.0928925729248556,0.694755635444641,0.92,0.92,3.06085719522508,G3_vs_G1_vancomicina_sem_infeccao,G3_Control_Vancomycin,G1_Control_T0
4095,1419764_at,0.0553962786095261,8.770092,7.318866,1.451226,2.58603262747268,0.043534994578853,0.694588994363879,0.92,0.92,3.01734271299266,G3_vs_G1_vancomicina_sem_infeccao,G3_Control_Vancomycin,G1_Control_T0
20836,1436530_at,0.0493288230617742,8.818172,7.614196,1.203976,3.24724441455304,0.0183807884849268,0.694588994363879,0.96,0.96,2.93662542359061,G3_vs_G1_vancomicina_sem_infeccao,G3_Control_Vancomycin,G1_Control_T0
25233,1440927_x_at,0.0845379321506844,10.020742,8.733238,1.287504,1.62468764931662,0.155729760873237,0.709942609687004,0.76,0.76,2.92316423620429,G3_vs_G1_vancomicina_sem_infeccao,G3_Control_Vancomycin,G1_Control_T0
9757,1425451_s_at,0.0475752630890659,8.23144,6.960292,1.271148,2.5718369387506,0.0435466890802521,0.694588994363879,0.92,0.92,2.86004685928931,G3_vs_G1_vancomicina_sem_infeccao,G3_Control_Vancomycin,G1_Control_T0
1669,1417338_at,-0.0401476995926326,7.745976,8.740718,-0.994742,-4.79966534721989,0.00306189746252917,0.694588994363879,0,1,2.83275230397951,G3_vs_G1_vancomicina_sem_infeccao,G3_Control_Vancomycin,G1_Control_T0
41602,1457307_at,0.0792059763797976,9.795108,8.591566,1.203542,1.58419496095269,0.161580527546877,0.709942609687004,0.76,0.76,2.82988810359375,G3_vs_G1_vancomicina_sem_infeccao,G3_Control_Vancomycin,G1_Control_T0
32526,1448226_at,0.0438014469867502,6.718914,5.838152,0.880762,2.89200220013467,0.0248079998410584,0.694588994363879,0.96,0.96,2.75496959821326,G3_vs_G1_vancomicina_sem_infeccao,G3_Control_Vancomycin,G1_Control_T0
14829,1430523_s_at,0.0444987830040246,9.67429,8.850008,0.824282,3.18632479948385,0.0131230432735059,0.694588994363879,0.96,0.96,2.74290039009899,G3_vs_G1_vancomicina_sem_infeccao,G3_Control_Vancomycin,G1_Control_T0
34119,1449824_at,0.0525774886182693,9.74752,8.256418,1.491102,1.44761471574298,0.189359603839573,0.721780084639896,0.84,0.84,2.73296656412394,G3_vs_G1_vancomicina_sem_infeccao,G3_Control_Vancomycin,G1_Control_T0
11130,1426824_at,-0.0346548949255369,7.914332,8.761366,-0.847034000000002,-5.31836705137269,0.000943126359184446,0.694588994363879,0,1,2.71464162126125,G3_vs_G1_vancomicina_sem_infeccao,G3_Control_Vancomycin,G1_Control_T0
6717,1422411_s_at,0.0310801371890134,10.12252,9.211742,0.910777999999999,3.11198540740838,0.0205617176051675,0.694588994363879,1,1,2.69528689339062,G3_vs_G1_vancomicina_sem_infeccao,G3_Control_Vancomycin,G1_Control_T0
8268,1423962_at,-0.0313514390622764,9.569268,10.45264,-0.883372000000001,-4.30217218958205,0.00623618913063646,0.694588994363879,0,1,2.68863714550149,G3_vs_G1_vancomicina_sem_infeccao,G3_Control_Vancomycin,G1_Control_T0
18743,1434437_x_at,0.0500655710125028,8.587248,7.662768,0.924479999999999,2.83632705395808,0.0219410989812241,0.694588994363879,0.88,0.88,2.68479506546489,G3_vs_G1_vancomicina_sem_infeccao,G3_Control_Vancomycin,G1_Control_T0
40375,1456080_a_at,-0.040965090998725,11.45844,12.21436,-0.755919999999998,-3.70153247443514,0.0142754341310134,0.694588994363879,0.04,0.96,2.67650786666036,G3_vs_G1_vancomicina_sem_infeccao,G3_Control_Vancomycin,G1_Control_T0
34141,1449846_at,0.0297017766237312,10.833,9.959024,0.873976000000001,3.03300812726392,0.0231966129418228,0.694588994363879,1,1,2.6657431593565,G3_vs_G1_vancomicina_sem_infeccao,G3_Control_Vancomycin,G1_Control_T0
25360,1441054_at,0.0582536343332287,6.47427,5.675666,0.798604,1.99454078755043,0.0939449636700137,0.694755635444641,0.84,0.84,2.65571113128715,G3_vs_G1_vancomicina_sem_infeccao,G3_Control_Vancomycin,G1_Control_T0
6832,1422526_at,-0.0314210961861594,8.534996,9.269248,-0.734252,-4.59210251644263,0.0033878338504233,0.694588994363879,0,1,2.6358169738203,G3_vs_G1_vancomicina_sem_infeccao,G3_Control_Vancomycin,G1_Control_T0
3782,1419451_at,-0.0307552073725611,8.16103,8.908802,-0.747771999999999,-5.62552406663967,0.000552197030385834,0.694588994363879,0,1,2.63280382224254,G3_vs_G1_vancomicina_sem_infeccao,G3_Control_Vancomycin,G1_Control_T0
18968,1434662_at,-0.032656356985446,10.451336,11.35674,-0.905404000000001,-3.68456863285215,0.0133281155412161,0.694588994363879,0.04,0.96,2.63199879329779,G3_vs_G1_vancomicina_sem_infeccao,G3_Control_Vancomycin,G1_Control_T0
22315,1438009_at,0.0432955672582547,10.74226,9.999456,0.742804,3.05619232457268,0.0158194190265112,0.694588994363879,0.92,0.92,2.61935678747473,G3_vs_G1_vancomicina_sem_infeccao,G3_Control_Vancomycin,G1_Control_T0
33605,1449305_at,0.026656297063839,7.579964,6.738872,0.841092000000001,3.0593598245531,0.0206820372922916,0.694588994363879,1,1,2.61788849846488,G3_vs_G1_vancomicina_sem_infeccao,G3_Control_Vancomycin,G1_Control_T0
36506,1452211_at,-0.0293386422282039,9.368596,10.099922,-0.731325999999999,-4.13899612115966,0.00347577932647913,0.694588994363879,0,1,2.61013099453125,G3_vs_G1_vancomicina_sem_infeccao,G3_Control_Vancomycin,G1_Control_T0
29258,1444952_a_at,0.0322549269909011,9.170908,8.54012,0.630788000000003,5.36450744412895,0.000706303783112012,0.694588994363879,1,1,2.60846042962756,G3_vs_G1_vancomicina_sem_infeccao,G3_Control_Vancomycin,G1_Control_T0
1668,1417337_at,-0.032504144518005,7.87885,8.718124,-0.839274,-3.68734147159712,0.0100697992235076,0.694588994363879,0.04,0.96,2.60640878800656,G3_vs_G1_vancomicina_sem_infeccao,G3_Control_Vancomycin,G1_Control_T0
18456,1434150_a_at,0.0322688336385634,6.890884,6.281052,0.609832,3.05203951518402,0.0316863502825534,0.694588994363879,1,1,2.60108625976768,G3_vs_G1_vancomicina_sem_infeccao,G3_Control_Vancomycin,G1_Control_T0
845,1416514_a_at,0.028850918078009,4.694006,4.009304,0.684702,4.01690815298135,0.0124535529275171,0.694588994363879,1,1,2.5875892670558,G3_vs_G1_vancomicina_sem_infeccao,G3_Control_Vancomycin,G1_Control_T0
1621,1417290_at,0.0324417456473958,8.684126,7.674014,1.010112,2.75802203280372,0.0251405791414277,0.694588994363879,0.92,0.92,2.58712760998437,G3_vs_G1_vancomicina_sem_infeccao,G3_Control_Vancomycin,G1_Control_T0
40200,1455905_at,0.0306170903954739,6.8118,6.201796,0.610004,5.48586721807992,0.000919378821999672,0.694588994363879,1,1,2.58160963399081,G3_vs_G1_vancomicina_sem_infeccao,G3_Control_Vancomycin,G1_Control_T0
33689,1449389_at,0.0325156536651066,9.3341,8.788012,0.546088000000003,4.29697635753852,0.00442591467608109,0.694588994363879,1,1,2.5810747522054,G3_vs_G1_vancomicina_sem_infeccao,G3_Control_Vancomycin,G1_Control_T0
9949,1425643_at,-0.0291293485667514,10.50123,11.35428,-0.853049999999998,-3.47707763199295,0.0182128120516789,0.694588994363879,0.04,0.96,2.57144401780151,G3_vs_G1_vancomicina_sem_infeccao,G3_Control_Vancomycin,G1_Control_T0
640,1416309_at,-0.0271503874412199,10.7947,11.4439,-0.649199999999999,-5.14871384833363,0.000943113982234265,0.694588994363879,0,1,2.5547022369559,G3_vs_G1_vancomicina_sem_infeccao,G3_Control_Vancomycin,G1_Control_T0
10324,1426018_a_at,-0.0293363766537577,5.666032,6.446922,-0.780890000000001,-4.09603533307013,0.00377800777563232,0.694588994363879,0.04,0.96,2.54793425472663,G3_vs_G1_vancomicina_sem_infeccao,G3_Control_Vancomycin,G1_Control_T0
6718,1422412_x_at,0.0242783452672043,7.983938,7.26478,0.719158,3.07770971282037,0.0155115575738182,0.694588994363879,1,1,2.5458953568184,G3_vs_G1_vancomicina_sem_infeccao,G3_Control_Vancomycin,G1_Control_T0
32682,1448382_at,0.0227817248291802,5.530516,4.769802,0.760714,2.79195277921254,0.0304008629166634,0.694588994363879,1,1,2.54314108348294,G3_vs_G1_vancomicina_sem_infeccao,G3_Control_Vancomycin,G1_Control_T0
13,1415682_at,-0.030913779316476,9.822666,10.7557,-0.933034000000001,-3.45038789764032,0.0152733022429846,0.694588994363879,0.08,0.92,2.54132537449475,G3_vs_G1_vancomicina_sem_infeccao,G3_Control_Vancomycin,G1_Control_T0
18365,1434059_at,-0.0292120591166478,10.097124,10.85626,-0.759136,-4.72744589529451,0.00230128334387795,0.694588994363879,0.04,0.96,2.53863795746985,G3_vs_G1_vancomicina_sem_infeccao,G3_Control_Vancomycin,G1_Control_T0
3642,1419311_at,-0.0270251457199186,11.56546,12.39308,-0.82762,-3.62112050445536,0.0177937888169558,0.694588994363879,0.04,0.96,2.53740522406992,G3_vs_G1_vancomicina_sem_infeccao,G3_Control_Vancomycin,G1_Control_T0
2923,1418592_at,-0.0261506726018931,7.121492,7.704968,-0.583476,-4.29236264226887,0.0092991335005547,0.694588994363879,0,1,2.51923316443417,G3_vs_G1_vancomicina_sem_infeccao,G3_Control_Vancomycin,G1_Control_T0
1133,1416802_a_at,0.0415313469395175,5.803386,5.092342,0.711044,2.63108133601694,0.0400549196240504,0.694588994363879,0.88,0.88,2.50706251098386,G3_vs_G1_vancomicina_sem_infeccao,G3_Control_Vancomycin,G1_Control_T0
28346,1444040_at,0.0249695664722888,6.63114,6.053782,0.577357999999999,3.50463495822596,0.0112654592029952,0.694588994363879,1,1,2.50306096087888,G3_vs_G1_vancomicina_sem_infeccao,G3_Control_Vancomycin,G1_Control_T0
8269,1423963_at,-0.0275632929013503,10.86306,11.56896,-0.705899999999998,-3.82039700939066,0.00516531724400954,0.694588994363879,0.04,0.96,2.49998365399475,G3_vs_G1_vancomicina_sem_infeccao,G3_Control_Vancomycin,G1_Control_T0
924,1416593_at,-0.0264893625238868,10.026812,10.75558,-0.728767999999999,-3.92055212852682,0.00482468928078214,0.694588994363879,0.04,0.96,2.49550660322771,G3_vs_G1_vancomicina_sem_infeccao,G3_Control_Vancomycin,G1_Control_T0
7414,1423108_at,0.0243210309641007,8.138688,7.56884,0.569848,5.78440668496688,0.000477295537710382,0.694588994363879,1,1,2.49268778939797,G3_vs_G1_vancomicina_sem_infeccao,G3_Control_Vancomycin,G1_Control_T0
7322,1423016_a_at,-0.0256473817548068,11.27028,12.01618,-0.745900000000002,-3.93574446281926,0.00948865782511923,0.694588994363879,0.04,0.96,2.49170983077561,G3_vs_G1_vancomicina_sem_infeccao,G3_Control_Vancomycin,G1_Control_T0
20861,1436555_at,0.025473087985789,6.648564,5.452408,1.196156,2.05463270808734,0.10313200778079,0.694755635444641,0.88,0.88,2.49096406032773,G3_vs_G1_vancomicina_sem_infeccao,G3_Control_Vancomycin,G1_Control_T0
35311,1451016_at,-0.0228883021606562,8.91223,9.52024,-0.608010000000002,-4.76370554849278,0.00163058932414729,0.694588994363879,0,1,2.48946834021732,G3_vs_G1_vancomicina_sem_infeccao,G3_Control_Vancomycin,G1_Control_T0
7986,1423680_at,0.0250775286263755,7.227088,6.69664,0.530448,4.78648417727317,0.00296162938596056,0.694588994363879,1,1,2.48746273238368,G3_vs_G1_vancomicina_sem_infeccao,G3_Control_Vancomycin,G1_Control_T0
