ProbeSetID,Categoria,ContrastesNosQuaisAparece,FrequenciaTop50Global,FrequenciaTop50Infeccao,MelhorFDR,MelhorAUC,MaiorAbsDeltaMedia,DirecaoPredominante,Alpha_G5_vs_G1,DeltaMedia_G5_vs_G1,FDR_G5_vs_G1,AUC_G5_vs_G1,ScoreIntegrado_G5_vs_G1,JustificativaCurta
1449366_at,infecção/sepse,G4_vs_G1_infeccao_2h; G5_vs_G1_infeccao_24h,2,2,0.00051054398,1,4.708248,associado aos grupos infectados (G4/G5),0.015936467,4.708248,0.0079994004,1,2.6598699,melhor FDR=5.105e-04; melhor AUC=1.00; abs(DeltaMedia) máximo=4.708; frequência global Top50=2. Direção positiva indica maior expressão no grupo infectado; direção negativa indica marcador inverso associado ao controle.
1427747_a_at,infecção/sepse,G4_vs_G1_infeccao_2h; G5_vs_G1_infeccao_24h; G5_vs_G4_progressao_2h_para_24h,3,2,0.00056762714,1,6.496268,associado aos grupos infectados (G4/G5),0.021929089,6.496268,0.00056762714,1,3.3709635,melhor FDR=5.676e-04; melhor AUC=1.00; abs(DeltaMedia) máximo=6.496; frequência global Top50=3. Direção positiva indica maior expressão no grupo infectado; direção negativa indica marcador inverso associado ao controle.
1434758_at,infecção/sepse,G4_vs_G1_infeccao_2h; G5_vs_G1_infeccao_24h; G6_vs_G5_efeito_linezolida,3,2,0.0026875988,1,4.471148,associado aos grupos infectados (G4/G5),0.015261017,4.471148,0.0039252766,1,2.6781793,melhor FDR=0.003; melhor AUC=1.00; abs(DeltaMedia) máximo=4.471; frequência global Top50=3. Direção positiva indica maior expressão no grupo infectado; direção negativa indica marcador inverso associado ao controle.
1419532_at,infecção/sepse,G4_vs_G1_infeccao_2h; G5_vs_G1_infeccao_24h; G6_vs_G5_efeito_linezolida,3,2,0.0012086067,1,4.98612,associado aos grupos infectados (G4/G5),0.016749701,4.98612,0.001347516,1,2.9059638,melhor FDR=0.001; melhor AUC=1.00; abs(DeltaMedia) máximo=4.986; frequência global Top50=3. Direção positiva indica maior expressão no grupo infectado; direção negativa indica marcador inverso associado ao controle.
1418722_at,infecção/sepse,G4_vs_G1_infeccao_2h; G5_vs_G1_infeccao_24h; G5_vs_G4_progressao_2h_para_24h; G6_vs_G5_efeito_linezolida; G6_vs_G7_linezolida_vs_vancomicina,5,2,0.00056762714,1,6.110576,associado aos grupos infectados (G4/G5),0.024622133,6.110576,0.00056762714,1,3.41613,melhor FDR=5.676e-04; melhor AUC=1.00; abs(DeltaMedia) máximo=6.111; frequência global Top50=5. Direção positiva indica maior expressão no grupo infectado; direção negativa indica marcador inverso associado ao controle.
1435761_at,infecção/sepse,G4_vs_G1_infeccao_2h; G5_vs_G1_infeccao_24h; G6_vs_G7_linezolida_vs_vancomicina,3,2,0.0016280532,1,4.33723,associado aos grupos infectados (G4/G5),0.01263036,4.33723,0.013316666,1,2.4437004,melhor FDR=0.002; melhor AUC=1.00; abs(DeltaMedia) máximo=4.337; frequência global Top50=3. Direção positiva indica maior expressão no grupo infectado; direção negativa indica marcador inverso associado ao controle.
1434484_at,infecção/sepse,G4_vs_G1_infeccao_2h; G5_vs_G1_infeccao_24h,2,2,0.00082011214,1,4.97852,associado aos grupos infectados (G4/G5),0.015091277,4.97852,0.010405053,1,2.6380885,melhor FDR=8.201e-04; melhor AUC=1.00; abs(DeltaMedia) máximo=4.979; frequência global Top50=2. Direção positiva indica maior expressão no grupo infectado; direção negativa indica marcador inverso associado ao controle.
1437056_x_at,infecção/sepse,G4_vs_G1_infeccao_2h; G5_vs_G1_infeccao_24h; G6_vs_G5_efeito_linezolida,3,2,0.0025826242,1,4.065454,associado aos grupos infectados (G4/G5),0.012710439,4.065454,0.0055904829,1,2.5000633,melhor FDR=0.003; melhor AUC=1.00; abs(DeltaMedia) máximo=4.065; frequência global Top50=3. Direção positiva indica maior expressão no grupo infectado; direção negativa indica marcador inverso associado ao controle.
1437060_at,infecção/sepse,G4_vs_G1_infeccao_2h; G5_vs_G1_infeccao_24h; G6_vs_G5_efeito_linezolida,3,2,0.0010137401,1,5.286456,associado aos grupos infectados (G4/G5),0.021056095,5.286456,0.0010137401,1,3.1252996,melhor FDR=0.001; melhor AUC=1.00; abs(DeltaMedia) máximo=5.286; frequência global Top50=3. Direção positiva indica maior expressão no grupo infectado; direção negativa indica marcador inverso associado ao controle.
1422953_at,infecção/sepse,G4_vs_G1_infeccao_2h; G5_vs_G1_infeccao_24h,2,2,0.00082011214,1,3.99556,associado aos grupos infectados (G4/G5),0.013064525,3.99556,0.001645231,1,2.6283032,melhor FDR=8.201e-04; melhor AUC=1.00; abs(DeltaMedia) máximo=3.996; frequência global Top50=2. Direção positiva indica maior expressão no grupo infectado; direção negativa indica marcador inverso associado ao controle.
1434046_at,infecção/sepse,G4_vs_G1_infeccao_2h; G5_vs_G1_infeccao_24h; G5_vs_G4_progressao_2h_para_24h; G6_vs_G5_efeito_linezolida,4,2,0.0010750188,1,5.44256,associado aos grupos infectados (G4/G5),0.021143682,5.44256,0.0023945374,1,3.0608048,melhor FDR=0.001; melhor AUC=1.00; abs(DeltaMedia) máximo=5.443; frequência global Top50=4. Direção positiva indica maior expressão no grupo infectado; direção negativa indica marcador inverso associado ao controle.
1419647_a_at,infecção/sepse,G4_vs_G1_infeccao_2h; G5_vs_G1_infeccao_24h; G6_vs_G5_efeito_linezolida; G7_vs_G5_efeito_vancomicina,4,2,0.0017285462,1,3.595256,associado aos grupos infectados (G4/G5),0.01121986,3.595256,0.0017285462,1,2.5067702,melhor FDR=0.002; melhor AUC=1.00; abs(DeltaMedia) máximo=3.595; frequência global Top50=4. Direção positiva indica maior expressão no grupo infectado; direção negativa indica marcador inverso associado ao controle.
1421262_at,infecção/sepse,G5_vs_G1_infeccao_24h; G5_vs_G4_progressao_2h_para_24h; G6_vs_G5_efeito_linezolida,3,1,0.0048931644,1,7.766754,associado a G5 infectado 24 h sem tratamento,0.028399936,7.766754,0.0048931644,1,3.5426587,melhor FDR=0.005; melhor AUC=1.00; abs(DeltaMedia) máximo=7.767; frequência global Top50=3. Direção positiva indica maior expressão no grupo infectado; direção negativa indica marcador inverso associado ao controle.
1450009_at,infecção/sepse,G5_vs_G1_infeccao_24h; G5_vs_G4_progressao_2h_para_24h; G6_vs_G5_efeito_linezolida; G6_vs_G7_linezolida_vs_vancomicina,4,1,0.0010137401,1,5.230872,associado a G5 infectado 24 h sem tratamento,0.02251647,5.230872,0.0010137401,1,3.1695647,melhor FDR=0.001; melhor AUC=1.00; abs(DeltaMedia) máximo=5.231; frequência global Top50=4. Direção positiva indica maior expressão no grupo infectado; direção negativa indica marcador inverso associado ao controle.
1450188_s_at,infecção/sepse,G5_vs_G1_infeccao_24h; G5_vs_G4_progressao_2h_para_24h,2,1,0.008279774,1,6.461784,associado a G5 infectado 24 h sem tratamento,0.022994543,6.461784,0.008279774,1,3.1306551,melhor FDR=0.008; melhor AUC=1.00; abs(DeltaMedia) máximo=6.462; frequência global Top50=2. Direção positiva indica maior expressão no grupo infectado; direção negativa indica marcador inverso associado ao controle.
1425451_s_at,infecção/sepse,G5_vs_G1_infeccao_24h; G5_vs_G4_progressao_2h_para_24h; G6_vs_G5_efeito_linezolida; G6_vs_G7_linezolida_vs_vancomicina; G3_vs_G1_vancomicina_sem_infeccao,5,1,0.00077168881,1,5.104548,associado a G5 infectado 24 h sem tratamento,0.016835981,5.104548,0.00077168881,1,2.9811113,melhor FDR=7.717e-04; melhor AUC=1.00; abs(DeltaMedia) máximo=5.105; frequência global Top50=5. Direção positiva indica maior expressão no grupo infectado; direção negativa indica marcador inverso associado ao controle.
1419764_at,infecção/sepse,G5_vs_G1_infeccao_24h; G5_vs_G4_progressao_2h_para_24h; G6_vs_G5_efeito_linezolida; G6_vs_G7_linezolida_vs_vancomicina; G3_vs_G1_vancomicina_sem_infeccao,5,1,0.0010137401,1,5.117414,associado a G5 infectado 24 h sem tratamento,0.016581808,5.117414,0.0010137401,1,2.945989,melhor FDR=0.001; melhor AUC=1.00; abs(DeltaMedia) máximo=5.117; frequência global Top50=5. Direção positiva indica maior expressão no grupo infectado; direção negativa indica marcador inverso associado ao controle.
1450912_at,marcador inverso associado ao controle,G6_vs_G5_efeito_linezolida,1,1,0.65421206,0.92,1.263196,associado a G6 infectado 24 h + linezolida,-0.014586749,-3.589216,0.019320066,1,2.3783189,FDR elevado (melhor=0.654); melhor AUC=0.92; abs(DeltaMedia) máximo=1.263; frequência global Top50=1. Direção positiva indica maior expressão no grupo infectado; direção negativa indica marcador inverso associado ao controle.
1422122_at,marcador inverso associado ao controle,G5_vs_G1_infeccao_24h,1,1,0.01050075,1,3.82903,associado a G1 controle T0,-0.0143315,-3.82903,0.01050075,1,2.4624005,melhor FDR=0.011; melhor AUC=1.00; abs(DeltaMedia) máximo=3.829; frequência global Top50=1. Direção positiva indica maior expressão no grupo infectado; direção negativa indica marcador inverso associado ao controle.
1440837_at,marcador inverso associado ao controle,G5_vs_G1_infeccao_24h,1,1,0.0099123679,1,3.704304,associado a G1 controle T0,-0.013841378,-3.704304,0.0099123679,1,2.4349656,melhor FDR=0.010; melhor AUC=1.00; abs(DeltaMedia) máximo=3.704; frequência global Top50=1. Direção positiva indica maior expressão no grupo infectado; direção negativa indica marcador inverso associado ao controle.
1429889_at,marcador inverso associado ao controle,G5_vs_G1_infeccao_24h,0,1,0.023450841,1,3.633106,associado a G1 controle T0,-0.013430098,-3.633106,0.023450841,1,2.3234779,melhor FDR=0.023; melhor AUC=1.00; abs(DeltaMedia) máximo=3.633; frequência global Top50=0. Direção positiva indica maior expressão no grupo infectado; direção negativa indica marcador inverso associado ao controle.
1442023_at,marcador inverso associado ao controle,G6_vs_G5_efeito_linezolida,1,1,0.62822001,1,1.229542,associado a G6 infectado 24 h + linezolida,-0.013390734,-3.51319,0.0084173875,1,2.4111673,FDR elevado (melhor=0.628); melhor AUC=1.00; abs(DeltaMedia) máximo=1.230; frequência global Top50=1. Direção positiva indica maior expressão no grupo infectado; direção negativa indica marcador inverso associado ao controle.
