Categoria,ProbeSetID,ContrastesNosQuaisAparece,FrequenciaRecorrencia,FrequenciaTop50Global,MelhorFDR,MelhorAUC,MaiorAbsDeltaMedia,ScoreIntegradoMaximo,DirecaoPredominante,JustificativaCurta
infecção,1449366_at,G4_vs_G1_infeccao_2h; G5_vs_G1_infeccao_24h,2,2,0.00051054398,1,4.708248,4,associado aos grupos infectados (G4/G5),melhor FDR=5.105e-04; melhor AUC=1.00; abs(DeltaMedia) máximo=4.708; frequência global Top50=2. Direção positiva indica maior expressão no grupo infectado; direção negativa indica marcador inverso associado ao controle.
infecção,1427747_a_at,G4_vs_G1_infeccao_2h; G5_vs_G1_infeccao_24h; G5_vs_G4_progressao_2h_para_24h,2,3,0.00056762714,1,6.496268,3.8428495,associado aos grupos infectados (G4/G5),melhor FDR=5.676e-04; melhor AUC=1.00; abs(DeltaMedia) máximo=6.496; frequência global Top50=3. Direção positiva indica maior expressão no grupo infectado; direção negativa indica marcador inverso associado ao controle.
infecção,1434758_at,G4_vs_G1_infeccao_2h; G5_vs_G1_infeccao_24h; G6_vs_G5_efeito_linezolida,2,3,0.0026875988,1,4.471148,3.5673877,associado aos grupos infectados (G4/G5),melhor FDR=0.003; melhor AUC=1.00; abs(DeltaMedia) máximo=4.471; frequência global Top50=3. Direção positiva indica maior expressão no grupo infectado; direção negativa indica marcador inverso associado ao controle.
infecção,1419532_at,G4_vs_G1_infeccao_2h; G5_vs_G1_infeccao_24h; G6_vs_G5_efeito_linezolida,2,3,0.0012086067,1,4.98612,3.4845885,associado aos grupos infectados (G4/G5),melhor FDR=0.001; melhor AUC=1.00; abs(DeltaMedia) máximo=4.986; frequência global Top50=3. Direção positiva indica maior expressão no grupo infectado; direção negativa indica marcador inverso associado ao controle.
infecção,1418722_at,G4_vs_G1_infeccao_2h; G5_vs_G1_infeccao_24h; G5_vs_G4_progressao_2h_para_24h; G6_vs_G5_efeito_linezolida; G6_vs_G7_linezolida_vs_vancomicina,2,5,0.00056762714,1,6.110576,3.41613,associado aos grupos infectados (G4/G5),melhor FDR=5.676e-04; melhor AUC=1.00; abs(DeltaMedia) máximo=6.111; frequência global Top50=5. Direção positiva indica maior expressão no grupo infectado; direção negativa indica marcador inverso associado ao controle.
infecção,1435761_at,G4_vs_G1_infeccao_2h; G5_vs_G1_infeccao_24h; G6_vs_G7_linezolida_vs_vancomicina,2,3,0.0016280532,1,4.33723,3.3914888,associado aos grupos infectados (G4/G5),melhor FDR=0.002; melhor AUC=1.00; abs(DeltaMedia) máximo=4.337; frequência global Top50=3. Direção positiva indica maior expressão no grupo infectado; direção negativa indica marcador inverso associado ao controle.
infecção,1434484_at,G4_vs_G1_infeccao_2h; G5_vs_G1_infeccao_24h,2,2,0.00082011214,1,4.97852,3.3823059,associado aos grupos infectados (G4/G5),melhor FDR=8.201e-04; melhor AUC=1.00; abs(DeltaMedia) máximo=4.979; frequência global Top50=2. Direção positiva indica maior expressão no grupo infectado; direção negativa indica marcador inverso associado ao controle.
infecção,1437056_x_at,G4_vs_G1_infeccao_2h; G5_vs_G1_infeccao_24h; G6_vs_G5_efeito_linezolida,2,3,0.0025826242,1,4.065454,3.3396298,associado aos grupos infectados (G4/G5),melhor FDR=0.003; melhor AUC=1.00; abs(DeltaMedia) máximo=4.065; frequência global Top50=3. Direção positiva indica maior expressão no grupo infectado; direção negativa indica marcador inverso associado ao controle.
infecção,1437060_at,G4_vs_G1_infeccao_2h; G5_vs_G1_infeccao_24h; G6_vs_G5_efeito_linezolida,2,3,0.0010137401,1,5.286456,3.2618797,associado aos grupos infectados (G4/G5),melhor FDR=0.001; melhor AUC=1.00; abs(DeltaMedia) máximo=5.286; frequência global Top50=3. Direção positiva indica maior expressão no grupo infectado; direção negativa indica marcador inverso associado ao controle.
infecção,1422953_at,G4_vs_G1_infeccao_2h; G5_vs_G1_infeccao_24h,2,2,0.00082011214,1,3.99556,3.2431247,associado aos grupos infectados (G4/G5),melhor FDR=8.201e-04; melhor AUC=1.00; abs(DeltaMedia) máximo=3.996; frequência global Top50=2. Direção positiva indica maior expressão no grupo infectado; direção negativa indica marcador inverso associado ao controle.
infecção,1434046_at,G4_vs_G1_infeccao_2h; G5_vs_G1_infeccao_24h; G5_vs_G4_progressao_2h_para_24h; G6_vs_G5_efeito_linezolida,2,4,0.0010750188,1,5.44256,3.0608048,associado aos grupos infectados (G4/G5),melhor FDR=0.001; melhor AUC=1.00; abs(DeltaMedia) máximo=5.443; frequência global Top50=4. Direção positiva indica maior expressão no grupo infectado; direção negativa indica marcador inverso associado ao controle.
infecção,1419647_a_at,G4_vs_G1_infeccao_2h; G5_vs_G1_infeccao_24h; G6_vs_G5_efeito_linezolida; G7_vs_G5_efeito_vancomicina,2,4,0.0017285462,1,3.595256,2.9594961,associado aos grupos infectados (G4/G5),melhor FDR=0.002; melhor AUC=1.00; abs(DeltaMedia) máximo=3.595; frequência global Top50=4. Direção positiva indica maior expressão no grupo infectado; direção negativa indica marcador inverso associado ao controle.
infecção,1421262_at,G5_vs_G1_infeccao_24h; G5_vs_G4_progressao_2h_para_24h; G6_vs_G5_efeito_linezolida,1,3,0.0048931644,1,7.766754,3.5426587,associado a G5 infectado 24 h sem tratamento,melhor FDR=0.005; melhor AUC=1.00; abs(DeltaMedia) máximo=7.767; frequência global Top50=3. Direção positiva indica maior expressão no grupo infectado; direção negativa indica marcador inverso associado ao controle.
infecção,1450009_at,G5_vs_G1_infeccao_24h; G5_vs_G4_progressao_2h_para_24h; G6_vs_G5_efeito_linezolida; G6_vs_G7_linezolida_vs_vancomicina,1,4,0.0010137401,1,5.230872,3.1695647,associado a G5 infectado 24 h sem tratamento,melhor FDR=0.001; melhor AUC=1.00; abs(DeltaMedia) máximo=5.231; frequência global Top50=4. Direção positiva indica maior expressão no grupo infectado; direção negativa indica marcador inverso associado ao controle.
infecção,1450188_s_at,G5_vs_G1_infeccao_24h; G5_vs_G4_progressao_2h_para_24h,1,2,0.008279774,1,6.461784,3.1306551,associado a G5 infectado 24 h sem tratamento,melhor FDR=0.008; melhor AUC=1.00; abs(DeltaMedia) máximo=6.462; frequência global Top50=2. Direção positiva indica maior expressão no grupo infectado; direção negativa indica marcador inverso associado ao controle.
infecção,1425451_s_at,G5_vs_G1_infeccao_24h; G5_vs_G4_progressao_2h_para_24h; G6_vs_G5_efeito_linezolida; G6_vs_G7_linezolida_vs_vancomicina; G3_vs_G1_vancomicina_sem_infeccao,1,5,0.00077168881,1,5.104548,2.9811113,associado a G5 infectado 24 h sem tratamento,melhor FDR=7.717e-04; melhor AUC=1.00; abs(DeltaMedia) máximo=5.105; frequência global Top50=5. Direção positiva indica maior expressão no grupo infectado; direção negativa indica marcador inverso associado ao controle.
infecção,1419764_at,G5_vs_G1_infeccao_24h; G5_vs_G4_progressao_2h_para_24h; G6_vs_G5_efeito_linezolida; G6_vs_G7_linezolida_vs_vancomicina; G3_vs_G1_vancomicina_sem_infeccao,1,5,0.0010137401,1,5.117414,2.945989,associado a G5 infectado 24 h sem tratamento,melhor FDR=0.001; melhor AUC=1.00; abs(DeltaMedia) máximo=5.117; frequência global Top50=5. Direção positiva indica maior expressão no grupo infectado; direção negativa indica marcador inverso associado ao controle.
infecção,1450912_at,G6_vs_G5_efeito_linezolida,1,1,0.65421206,0.92,1.263196,2.7032802,associado a G6 infectado 24 h + linezolida,FDR elevado (melhor=0.654); melhor AUC=0.92; abs(DeltaMedia) máximo=1.263; frequência global Top50=1. Direção positiva indica maior expressão no grupo infectado; direção negativa indica marcador inverso associado ao controle.
infecção,1422122_at,G5_vs_G1_infeccao_24h,1,1,0.01050075,1,3.82903,2.4624005,associado a G1 controle T0,melhor FDR=0.011; melhor AUC=1.00; abs(DeltaMedia) máximo=3.829; frequência global Top50=1. Direção positiva indica maior expressão no grupo infectado; direção negativa indica marcador inverso associado ao controle.
infecção,1440837_at,G5_vs_G1_infeccao_24h,1,1,0.0099123679,1,3.704304,2.4349656,associado a G1 controle T0,melhor FDR=0.010; melhor AUC=1.00; abs(DeltaMedia) máximo=3.704; frequência global Top50=1. Direção positiva indica maior expressão no grupo infectado; direção negativa indica marcador inverso associado ao controle.
infecção,1429889_at,G5_vs_G1_infeccao_24h,1,0,0.023450841,1,3.633106,2.3234779,associado a G1 controle T0,melhor FDR=0.023; melhor AUC=1.00; abs(DeltaMedia) máximo=3.633; frequência global Top50=0. Direção positiva indica maior expressão no grupo infectado; direção negativa indica marcador inverso associado ao controle.
infecção,1442023_at,G6_vs_G5_efeito_linezolida,1,1,0.62822001,1,1.229542,3.0326879,associado a G6 infectado 24 h + linezolida,FDR elevado (melhor=0.628); melhor AUC=1.00; abs(DeltaMedia) máximo=1.230; frequência global Top50=1. Direção positiva indica maior expressão no grupo infectado; direção negativa indica marcador inverso associado ao controle.
progressão,1421262_at,G5_vs_G1_infeccao_24h; G5_vs_G4_progressao_2h_para_24h; G6_vs_G5_efeito_linezolida,1,3,0.026282838,1,7.513798,3.7044942,associado a G5 infectado 24 h sem tratamento,melhor FDR=0.026; melhor AUC=1.00; abs(DeltaMedia) máximo=7.514; frequência global Top50=3. Alpha positivo sugere aumento em 24 h; alpha negativo sugere maior expressão em 2 h.
progressão,1450188_s_at,G5_vs_G1_infeccao_24h; G5_vs_G4_progressao_2h_para_24h,1,2,0.037886966,1,6.309166,3.2941981,associado a G5 infectado 24 h sem tratamento,melhor FDR=0.038; melhor AUC=1.00; abs(DeltaMedia) máximo=6.309; frequência global Top50=2. Alpha positivo sugere aumento em 24 h; alpha negativo sugere maior expressão em 2 h.
progressão,1450009_at,G5_vs_G1_infeccao_24h; G5_vs_G4_progressao_2h_para_24h; G6_vs_G5_efeito_linezolida; G6_vs_G7_linezolida_vs_vancomicina,1,4,0.014798093,1,5.121678,3.229181,associado a G5 infectado 24 h sem tratamento,melhor FDR=0.015; melhor AUC=1.00; abs(DeltaMedia) máximo=5.122; frequência global Top50=4. Alpha positivo sugere aumento em 24 h; alpha negativo sugere maior expressão em 2 h.
progressão,1425451_s_at,G5_vs_G1_infeccao_24h; G5_vs_G4_progressao_2h_para_24h; G6_vs_G5_efeito_linezolida; G6_vs_G7_linezolida_vs_vancomicina; G3_vs_G1_vancomicina_sem_infeccao,1,5,0.0057121491,1,4.474842,3.1900838,associado a G5 infectado 24 h sem tratamento,melhor FDR=0.006; melhor AUC=1.00; abs(DeltaMedia) máximo=4.475; frequência global Top50=5. Alpha positivo sugere aumento em 24 h; alpha negativo sugere maior expressão em 2 h.
progressão,1419764_at,G5_vs_G1_infeccao_24h; G5_vs_G4_progressao_2h_para_24h; G6_vs_G5_efeito_linezolida; G6_vs_G7_linezolida_vs_vancomicina; G3_vs_G1_vancomicina_sem_infeccao,1,5,0.012240007,1,4.598202,3.0790747,associado a G5 infectado 24 h sem tratamento,melhor FDR=0.012; melhor AUC=1.00; abs(DeltaMedia) máximo=4.598; frequência global Top50=5. Alpha positivo sugere aumento em 24 h; alpha negativo sugere maior expressão em 2 h.
progressão,1419681_a_at,G5_vs_G1_infeccao_24h; G5_vs_G4_progressao_2h_para_24h,1,2,0.066807443,1,4.9767,2.8031768,associado a G5 infectado 24 h sem tratamento,FDR elevado (melhor=0.067); melhor AUC=1.00; abs(DeltaMedia) máximo=4.977; frequência global Top50=2. Alpha positivo sugere aumento em 24 h; alpha negativo sugere maior expressão em 2 h.
progressão,1418722_at,G4_vs_G1_infeccao_2h; G5_vs_G1_infeccao_24h; G5_vs_G4_progressao_2h_para_24h; G6_vs_G5_efeito_linezolida; G6_vs_G7_linezolida_vs_vancomicina,1,5,0.012240007,1,3.391746,2.7869251,associado a G5 infectado 24 h sem tratamento,melhor FDR=0.012; melhor AUC=1.00; abs(DeltaMedia) máximo=3.392; frequência global Top50=5. Alpha positivo sugere aumento em 24 h; alpha negativo sugere maior expressão em 2 h.
progressão,1436530_at,G5_vs_G1_infeccao_24h; G5_vs_G4_progressao_2h_para_24h; G3_vs_G1_vancomicina_sem_infeccao,1,3,0.049073611,1,4.6639,2.771685,associado a G5 infectado 24 h sem tratamento,melhor FDR=0.049; melhor AUC=1.00; abs(DeltaMedia) máximo=4.664; frequência global Top50=3. Alpha positivo sugere aumento em 24 h; alpha negativo sugere maior expressão em 2 h.
progressão,1450826_a_at,G5_vs_G1_infeccao_24h; G5_vs_G4_progressao_2h_para_24h,1,2,0.045304927,1,4.313984,2.7451898,associado a G5 infectado 24 h sem tratamento,melhor FDR=0.045; melhor AUC=1.00; abs(DeltaMedia) máximo=4.314; frequência global Top50=2. Alpha positivo sugere aumento em 24 h; alpha negativo sugere maior expressão em 2 h.
progressão,1448562_at,G5_vs_G1_infeccao_24h; G5_vs_G4_progressao_2h_para_24h,1,2,0.070621425,1,4.567378,2.6930714,associado a G5 infectado 24 h sem tratamento,FDR elevado (melhor=0.071); melhor AUC=1.00; abs(DeltaMedia) máximo=4.567; frequência global Top50=2. Alpha positivo sugere aumento em 24 h; alpha negativo sugere maior expressão em 2 h.
progressão,1450428_at,G4_vs_G1_infeccao_2h; G5_vs_G4_progressao_2h_para_24h,1,2,0.021437511,1,2.689796,2.4666956,associado a G4 infectado 2 h,melhor FDR=0.021; melhor AUC=1.00; abs(DeltaMedia) máximo=2.690; frequência global Top50=2. Alpha positivo sugere aumento em 24 h; alpha negativo sugere maior expressão em 2 h.
progressão,1429274_at,G5_vs_G4_progressao_2h_para_24h,1,1,0.0057121491,1,1.493838,2.4045973,associado a G4 infectado 2 h,melhor FDR=0.006; melhor AUC=1.00; abs(DeltaMedia) máximo=1.494; frequência global Top50=1. Alpha positivo sugere aumento em 24 h; alpha negativo sugere maior expressão em 2 h.
progressão,1416111_at,G5_vs_G4_progressao_2h_para_24h,1,1,0.021437511,1,2.18839,2.3468852,associado a G4 infectado 2 h,melhor FDR=0.021; melhor AUC=1.00; abs(DeltaMedia) máximo=2.188; frequência global Top50=1. Alpha positivo sugere aumento em 24 h; alpha negativo sugere maior expressão em 2 h.
progressão,1416454_s_at,G5_vs_G4_progressao_2h_para_24h,1,1,0.041001133,1,2.231196,2.2772509,associado a G4 infectado 2 h,melhor FDR=0.041; melhor AUC=1.00; abs(DeltaMedia) máximo=2.231; frequência global Top50=1. Alpha positivo sugere aumento em 24 h; alpha negativo sugere maior expressão em 2 h.
resposta à linezolida,1450009_at,G5_vs_G1_infeccao_24h; G5_vs_G4_progressao_2h_para_24h; G6_vs_G5_efeito_linezolida; G6_vs_G7_linezolida_vs_vancomicina,1,4,0.62822001,0.84,2.342064,3.4629997,associado a G5 infectado 24 h sem tratamento,"FDR elevado (melhor=0.628); melhor AUC=0.84; abs(DeltaMedia) máximo=2.342; frequência global Top50=4. Candidato exploratório: neste contraste os FDRs dos top probes são altos, apesar de AUC/score úteis para ranqueamento."
resposta à linezolida,1419691_at,G5_vs_G4_progressao_2h_para_24h; G6_vs_G5_efeito_linezolida; G6_vs_G7_linezolida_vs_vancomicina,1,3,0.62550339,0.92,2.184736,3.4573982,associado a G5 infectado 24 h sem tratamento,"FDR elevado (melhor=0.626); melhor AUC=0.92; abs(DeltaMedia) máximo=2.185; frequência global Top50=3. Candidato exploratório: neste contraste os FDRs dos top probes são altos, apesar de AUC/score úteis para ranqueamento."
resposta à linezolida,1419709_at,G5_vs_G1_infeccao_24h; G5_vs_G4_progressao_2h_para_24h; G6_vs_G5_efeito_linezolida; G6_vs_G7_linezolida_vs_vancomicina,1,4,0.62550339,0.92,2.06292,3.348292,associado a G5 infectado 24 h sem tratamento,"FDR elevado (melhor=0.626); melhor AUC=0.92; abs(DeltaMedia) máximo=2.063; frequência global Top50=4. Candidato exploratório: neste contraste os FDRs dos top probes são altos, apesar de AUC/score úteis para ranqueamento."
resposta à linezolida,1425451_s_at,G5_vs_G1_infeccao_24h; G5_vs_G4_progressao_2h_para_24h; G6_vs_G5_efeito_linezolida; G6_vs_G7_linezolida_vs_vancomicina; G3_vs_G1_vancomicina_sem_infeccao,1,5,0.62550339,1,1.78046,3.3274451,associado a G5 infectado 24 h sem tratamento,"FDR elevado (melhor=0.626); melhor AUC=1.00; abs(DeltaMedia) máximo=1.780; frequência global Top50=5. Candidato exploratório: neste contraste os FDRs dos top probes são altos, apesar de AUC/score úteis para ranqueamento."
resposta à linezolida,1419532_at,G4_vs_G1_infeccao_2h; G5_vs_G1_infeccao_24h; G6_vs_G5_efeito_linezolida,1,3,0.62550339,1,1.97471,3.3165769,associado a G5 infectado 24 h sem tratamento,"FDR elevado (melhor=0.626); melhor AUC=1.00; abs(DeltaMedia) máximo=1.975; frequência global Top50=3. Candidato exploratório: neste contraste os FDRs dos top probes são altos, apesar de AUC/score úteis para ranqueamento."
resposta à linezolida,1419764_at,G5_vs_G1_infeccao_24h; G5_vs_G4_progressao_2h_para_24h; G6_vs_G5_efeito_linezolida; G6_vs_G7_linezolida_vs_vancomicina; G3_vs_G1_vancomicina_sem_infeccao,1,5,0.62550339,1,1.65092,3.2248372,associado a G5 infectado 24 h sem tratamento,"FDR elevado (melhor=0.626); melhor AUC=1.00; abs(DeltaMedia) máximo=1.651; frequência global Top50=5. Candidato exploratório: neste contraste os FDRs dos top probes são altos, apesar de AUC/score úteis para ranqueamento."
resposta à linezolida,1434758_at,G4_vs_G1_infeccao_2h; G5_vs_G1_infeccao_24h; G6_vs_G5_efeito_linezolida,1,3,0.62550339,1,1.54758,3.1376175,associado a G5 infectado 24 h sem tratamento,"FDR elevado (melhor=0.626); melhor AUC=1.00; abs(DeltaMedia) máximo=1.548; frequência global Top50=3. Candidato exploratório: neste contraste os FDRs dos top probes são altos, apesar de AUC/score úteis para ranqueamento."
resposta à linezolida,1416125_at,G4_vs_G1_infeccao_2h; G6_vs_G5_efeito_linezolida,1,2,0.62550339,1,1.509844,3.1352331,associado a G5 infectado 24 h sem tratamento,"FDR elevado (melhor=0.626); melhor AUC=1.00; abs(DeltaMedia) máximo=1.510; frequência global Top50=2. Candidato exploratório: neste contraste os FDRs dos top probes são altos, apesar de AUC/score úteis para ranqueamento."
resposta à linezolida,1425814_a_at,G6_vs_G5_efeito_linezolida; G7_vs_G5_efeito_vancomicina,1,2,0.62550339,1,1.92447,3.1790047,associado a G6 infectado 24 h + linezolida,"FDR elevado (melhor=0.626); melhor AUC=1.00; abs(DeltaMedia) máximo=1.924; frequência global Top50=2. Candidato exploratório: neste contraste os FDRs dos top probes são altos, apesar de AUC/score úteis para ranqueamento."
resposta à linezolida,1449434_at,G6_vs_G5_efeito_linezolida; G6_vs_G7_linezolida_vs_vancomicina,1,2,0.6354695,0.96,1.504992,3.0802427,associado a G6 infectado 24 h + linezolida,"FDR elevado (melhor=0.635); melhor AUC=0.96; abs(DeltaMedia) máximo=1.505; frequência global Top50=2. Candidato exploratório: neste contraste os FDRs dos top probes são altos, apesar de AUC/score úteis para ranqueamento."
resposta à linezolida,1442023_at,G6_vs_G5_efeito_linezolida,1,1,0.62822001,1,1.229542,3.0326879,associado a G6 infectado 24 h + linezolida,"FDR elevado (melhor=0.628); melhor AUC=1.00; abs(DeltaMedia) máximo=1.230; frequência global Top50=1. Candidato exploratório: neste contraste os FDRs dos top probes são altos, apesar de AUC/score úteis para ranqueamento."
resposta à linezolida,1449193_at,G6_vs_G5_efeito_linezolida,1,1,0.64619949,0.88,1.75277,2.9758667,associado a G6 infectado 24 h + linezolida,"FDR elevado (melhor=0.646); melhor AUC=0.88; abs(DeltaMedia) máximo=1.753; frequência global Top50=1. Candidato exploratório: neste contraste os FDRs dos top probes são altos, apesar de AUC/score úteis para ranqueamento."
resposta à linezolida,1428304_at,G6_vs_G5_efeito_linezolida,1,1,0.62550339,1,1.667618,2.9339192,associado a G6 infectado 24 h + linezolida,"FDR elevado (melhor=0.626); melhor AUC=1.00; abs(DeltaMedia) máximo=1.668; frequência global Top50=1. Candidato exploratório: neste contraste os FDRs dos top probes são altos, apesar de AUC/score úteis para ranqueamento."
resposta à vancomicina,1418930_at,G7_vs_G5_efeito_vancomicina; G6_vs_G7_linezolida_vs_vancomicina,1,2,0.47783873,0.88,2.229932,3.4908564,associado a G5 infectado 24 h sem tratamento,"FDR elevado (melhor=0.478); melhor AUC=0.88; abs(DeltaMedia) máximo=2.230; frequência global Top50=2. Candidato exploratório: neste contraste os FDRs dos top probes são altos, apesar de AUC/score úteis para ranqueamento."
resposta à vancomicina,1427381_at,G5_vs_G1_infeccao_24h; G7_vs_G5_efeito_vancomicina; G6_vs_G7_linezolida_vs_vancomicina,1,3,0.4523398,0.84,2.152796,3.3027989,associado a G5 infectado 24 h sem tratamento,"FDR elevado (melhor=0.452); melhor AUC=0.84; abs(DeltaMedia) máximo=2.153; frequência global Top50=3. Candidato exploratório: neste contraste os FDRs dos top probes são altos, apesar de AUC/score úteis para ranqueamento."
resposta à vancomicina,1452349_x_at,G7_vs_G5_efeito_vancomicina,1,1,0.44883418,0.96,1.411762,3.2931007,associado a G5 infectado 24 h sem tratamento,"FDR elevado (melhor=0.449); melhor AUC=0.96; abs(DeltaMedia) máximo=1.412; frequência global Top50=1. Candidato exploratório: neste contraste os FDRs dos top probes são altos, apesar de AUC/score úteis para ranqueamento."
resposta à vancomicina,1437226_x_at,G7_vs_G5_efeito_vancomicina,1,1,0.44883418,0.96,1.698288,3.1356195,associado a G5 infectado 24 h sem tratamento,"FDR elevado (melhor=0.449); melhor AUC=0.96; abs(DeltaMedia) máximo=1.698; frequência global Top50=1. Candidato exploratório: neste contraste os FDRs dos top probes são altos, apesar de AUC/score úteis para ranqueamento."
resposta à vancomicina,1435906_x_at,G5_vs_G4_progressao_2h_para_24h; G7_vs_G5_efeito_vancomicina; G6_vs_G7_linezolida_vs_vancomicina,1,3,0.49190826,0.8,1.990356,3.101594,associado a G5 infectado 24 h sem tratamento,"FDR elevado (melhor=0.492); melhor AUC=0.80; abs(DeltaMedia) máximo=1.990; frequência global Top50=3. Candidato exploratório: neste contraste os FDRs dos top probes são altos, apesar de AUC/score úteis para ranqueamento."
resposta à vancomicina,1417300_at,G7_vs_G5_efeito_vancomicina,1,1,0.47870295,0.88,1.56872,3.0552234,associado a G5 infectado 24 h sem tratamento,"FDR elevado (melhor=0.479); melhor AUC=0.88; abs(DeltaMedia) máximo=1.569; frequência global Top50=1. Candidato exploratório: neste contraste os FDRs dos top probes são altos, apesar de AUC/score úteis para ranqueamento."
resposta à vancomicina,1428579_at,G7_vs_G5_efeito_vancomicina,1,1,0.44766713,0.96,1.425256,3.0167883,associado a G5 infectado 24 h sem tratamento,"FDR elevado (melhor=0.448); melhor AUC=0.96; abs(DeltaMedia) máximo=1.425; frequência global Top50=1. Candidato exploratório: neste contraste os FDRs dos top probes são altos, apesar de AUC/score úteis para ranqueamento."
resposta à vancomicina,1460282_at,G7_vs_G5_efeito_vancomicina,1,1,0.44766713,0.96,1.623106,3.0112515,associado a G5 infectado 24 h sem tratamento,"FDR elevado (melhor=0.448); melhor AUC=0.96; abs(DeltaMedia) máximo=1.623; frequência global Top50=1. Candidato exploratório: neste contraste os FDRs dos top probes são altos, apesar de AUC/score úteis para ranqueamento."
resposta à vancomicina,1425814_a_at,G6_vs_G5_efeito_linezolida; G7_vs_G5_efeito_vancomicina,1,2,0.4523398,0.96,1.38693,3.0814603,associado a G7 infectado 24 h + vancomicina,"FDR elevado (melhor=0.452); melhor AUC=0.96; abs(DeltaMedia) máximo=1.387; frequência global Top50=2. Candidato exploratório: neste contraste os FDRs dos top probes são altos, apesar de AUC/score úteis para ranqueamento."
resposta à vancomicina,1415682_at,G7_vs_G5_efeito_vancomicina; G3_vs_G1_vancomicina_sem_infeccao,1,2,0.44766713,1,1.306574,3.0411624,associado a G7 infectado 24 h + vancomicina,"FDR elevado (melhor=0.448); melhor AUC=1.00; abs(DeltaMedia) máximo=1.307; frequência global Top50=2. Candidato exploratório: neste contraste os FDRs dos top probes são altos, apesar de AUC/score úteis para ranqueamento."
resposta à vancomicina,1421278_s_at,G7_vs_G5_efeito_vancomicina,1,1,0.44766713,1,1.16054,2.9139468,associado a G7 infectado 24 h + vancomicina,"FDR elevado (melhor=0.448); melhor AUC=1.00; abs(DeltaMedia) máximo=1.161; frequência global Top50=1. Candidato exploratório: neste contraste os FDRs dos top probes são altos, apesar de AUC/score úteis para ranqueamento."
resposta à vancomicina,1434662_at,G7_vs_G5_efeito_vancomicina; G3_vs_G1_vancomicina_sem_infeccao,1,2,0.44766713,0.96,1.244794,2.8427043,associado a G7 infectado 24 h + vancomicina,"FDR elevado (melhor=0.448); melhor AUC=0.96; abs(DeltaMedia) máximo=1.245; frequência global Top50=2. Candidato exploratório: neste contraste os FDRs dos top probes são altos, apesar de AUC/score úteis para ranqueamento."
resposta à vancomicina,1417337_at,G7_vs_G5_efeito_vancomicina; G3_vs_G1_vancomicina_sem_infeccao,1,2,0.44883418,0.96,1.25577,2.830324,associado a G7 infectado 24 h + vancomicina,"FDR elevado (melhor=0.449); melhor AUC=0.96; abs(DeltaMedia) máximo=1.256; frequência global Top50=2. Candidato exploratório: neste contraste os FDRs dos top probes são altos, apesar de AUC/score úteis para ranqueamento."
